instancia, numero_vertices, numero_aresta, classe, algoritimo, parametro, interacao, tempo_execucao(ms), melhor_solucao,,,,,,
e03.stp-A.red,0,0, Grafo.h, leArquivo, ,2229, 104.443000, ,,,Tempo de execução (ms), Melhor Solução,Solução Literatura,Instância
e03.stp-A.red,0,0, Guloso, guloso, ,1, 274.675000,2611,,Guloso,"3,518",310,?,e01.stp-B.red
e03.stp-A.red,0,0, Guloso, guloso, ,1, 278.112000,2611,,Guloso Randomizado,"5288,866",222,?,e01.stp-B.red
e03.stp-A.red,813,2828, Guloso, gulosoRandomizado, 0.250000,0, 567.404000,2546,,Guloso R R,,,,e01.stp-B.red
e03.stp-A.red,813,2828, Guloso, gulosoRandomizado, 0.250000,1, 862.886000,2515,,,,,,
e03.stp-A.red,813,2828, Guloso, gulosoRandomizado, 0.250000,2, 1253.767000,2515,,,,,,
e03.stp-A.red,813,2828, Guloso, gulosoRandomizado, 0.250000,3, 1505.918000,2504,,,,,,
e03.stp-A.red,813,2828, Guloso, gulosoRandomizado, 0.250000,4, 1873.106000,2504,,,,,,
e03.stp-A.red,813,2828, Guloso, gulosoRandomizado, 0.250000,5, 2335.070000,2504,,,,,,
e03.stp-A.red,813,2828, Guloso, gulosoRandomizado, 0.250000,6, 2655.213000,2504,,,,,,
e03.stp-A.red,813,2828, Guloso, gulosoRandomizado, 0.250000,7, 3028.417000,2504,,,,,,
e03.stp-A.red,813,2828, Guloso, gulosoRandomizado, 0.250000,8, 3335.360000,2504,,,,,,
e03.stp-A.red,813,2828, Guloso, gulosoRandomizado, 0.250000,9, 3665.706000,2504,,,,,,
e03.stp-A.red,813,2828, Guloso, gulosoRandomizado, 0.250000,10, 4042.519000,2504,,,,,,
e03.stp-A.red,813,2828, Guloso, gulosoRandomizado, 0.250000,11, 4299.371000,2504,,,,,,
e03.stp-A.red,813,2828, Guloso, gulosoRandomizado, 0.250000,12, 4636.711000,2504,,,,,,
e03.stp-A.red,813,2828, Guloso, gulosoRandomizado, 0.250000,13, 4980.722000,2504,,,,,,
e03.stp-A.red,813,2828, Guloso, gulosoRandomizado, 0.250000,14, 5358.929000,2504,,,,,,
e03.stp-A.red,813,2828, Guloso, gulosoRandomizado, 0.250000,15, 5785.650000,2504,,,,,,
e03.stp-A.red,813,2828, Guloso, gulosoRandomizado, 0.250000,16, 6239.242000,2504,,,,,,
e03.stp-A.red,813,2828, Guloso, gulosoRandomizado, 0.250000,17, 6621.574000,2504,,,,,,
e03.stp-A.red,813,2828, Guloso, gulosoRandomizado, 0.250000,18, 7047.827000,2504,,,,,,
e03.stp-A.red,813,2828, Guloso, gulosoRandomizado, 0.250000,19, 7430.812000,2460,,,,,,
e03.stp-A.red,813,2828, Guloso, gulosoRandomizado, 0.250000,20, 7781.101000,2460,,,,,,
e03.stp-A.red,813,2828, Guloso, gulosoRandomizado, 0.250000,21, 8187.794000,2460,,,,,,
e03.stp-A.red,813,2828, Guloso, gulosoRandomizado, 0.250000,22, 8545.685000,2460,,,,,,
e03.stp-A.red,813,2828, Guloso, gulosoRandomizado, 0.250000,23, 8825.290000,2460,,,,,,
e03.stp-A.red,813,2828, Guloso, gulosoRandomizado, 0.250000,24, 9188.192000,2425,,,,,,
e03.stp-A.red,813,2828, Guloso, gulosoRandomizado, 0.250000,25, 9637.285000,2425,,,,,,
e03.stp-A.red,813,2828, Guloso, gulosoRandomizado, 0.250000,26, 9974.970000,2425,,,,,,
e03.stp-A.red,813,2828, Guloso, gulosoRandomizado, 0.250000,27, 10311.001000,2425,,,,,,
e03.stp-A.red,813,2828, Guloso, gulosoRandomizado, 0.250000,28, 10604.697000,2425,,,,,,
e03.stp-A.red,813,2828, Guloso, gulosoRandomizado, 0.250000,29, 10885.467000,2425,,,,,,
e03.stp-A.red,813,2828, Guloso, gulosoRandomizado, 0.250000,30, 11218.466000,2425,,,,,,
e03.stp-A.red,813,2828, Guloso, gulosoRandomizado, 0.250000,31, 11545.608000,2425,,,,,,
e03.stp-A.red,813,2828, Guloso, gulosoRandomizado, 0.250000,32, 11965.136000,2425,,,,,,
e03.stp-A.red,813,2828, Guloso, gulosoRandomizado, 0.250000,33, 12293.377000,2425,,,,,,
e03.stp-A.red,813,2828, Guloso, gulosoRandomizado, 0.250000,34, 12595.276000,2425,,,,,,
e03.stp-A.red,813,2828, Guloso, gulosoRandomizado, 0.250000,35, 12932.444000,2425,,,,,,
e03.stp-A.red,813,2828, Guloso, gulosoRandomizado, 0.250000,36, 13221.626000,2425,,,,,,
e03.stp-A.red,813,2828, Guloso, gulosoRandomizado, 0.250000,37, 13534.543000,2425,,,,,,
e03.stp-A.red,813,2828, Guloso, gulosoRandomizado, 0.250000,38, 13931.060000,2425,,,,,,
e03.stp-A.red,813,2828, Guloso, gulosoRandomizado, 0.250000,39, 14378.683000,2425,,,,,,
e03.stp-A.red,813,2828, Guloso, gulosoRandomizado, 0.250000,40, 14622.064000,2425,,,,,,
e03.stp-A.red,813,2828, Guloso, gulosoRandomizado, 0.250000,41, 14877.985000,2425,,,,,,
e03.stp-A.red,813,2828, Guloso, gulosoRandomizado, 0.250000,42, 15198.107000,2425,,,,,,
e03.stp-A.red,813,2828, Guloso, gulosoRandomizado, 0.250000,43, 15479.954000,2425,,,,,,
e03.stp-A.red,813,2828, Guloso, gulosoRandomizado, 0.250000,44, 15775.564000,2425,,,,,,
e03.stp-A.red,813,2828, Guloso, gulosoRandomizado, 0.250000,45, 16070.598000,2425,,,,,,
e03.stp-A.red,813,2828, Guloso, gulosoRandomizado, 0.250000,46, 16350.538000,2425,,,,,,
e03.stp-A.red,813,2828, Guloso, gulosoRandomizado, 0.250000,47, 16600.991000,2425,,,,,,
e03.stp-A.red,813,2828, Guloso, gulosoRandomizado, 0.250000,48, 16856.500000,2425,,,,,,
e03.stp-A.red,813,2828, Guloso, gulosoRandomizado, 0.250000,49, 17197.952000,2425,,,,,,
e03.stp-A.red,813,2828, Guloso, gulosoRandomizado, 0.250000,50, 17493.194000,2425,,,,,,
e03.stp-A.red,813,2828, Guloso, gulosoRandomizado, 0.250000,51, 17815.437000,2425,,,,,,
e03.stp-A.red,813,2828, Guloso, gulosoRandomizado, 0.250000,52, 18203.461000,2425,,,,,,
e03.stp-A.red,813,2828, Guloso, gulosoRandomizado, 0.250000,53, 18542.756000,2425,,,,,,
e03.stp-A.red,813,2828, Guloso, gulosoRandomizado, 0.250000,54, 18893.329000,2390,,,,,,
e03.stp-A.red,813,2828, Guloso, gulosoRandomizado, 0.250000,55, 19202.197000,2390,,,,,,
e03.stp-A.red,813,2828, Guloso, gulosoRandomizado, 0.250000,56, 19502.879000,2390,,,,,,
e03.stp-A.red,813,2828, Guloso, gulosoRandomizado, 0.250000,57, 19756.134000,2390,,,,,,
e03.stp-A.red,813,2828, Guloso, gulosoRandomizado, 0.250000,58, 20052.521000,2390,,,,,,
e03.stp-A.red,813,2828, Guloso, gulosoRandomizado, 0.250000,59, 20377.930000,2390,,,,,,
e03.stp-A.red,813,2828, Guloso, gulosoRandomizado, 0.250000,60, 20691.848000,2390,,,,,,
e03.stp-A.red,813,2828, Guloso, gulosoRandomizado, 0.250000,61, 20995.089000,2390,,,,,,
e03.stp-A.red,813,2828, Guloso, gulosoRandomizado, 0.250000,62, 21329.010000,2390,,,,,,
e03.stp-A.red,813,2828, Guloso, gulosoRandomizado, 0.250000,63, 21579.879000,2390,,,,,,
e03.stp-A.red,813,2828, Guloso, gulosoRandomizado, 0.250000,64, 21867.149000,2390,,,,,,
e03.stp-A.red,813,2828, Guloso, gulosoRandomizado, 0.250000,65, 22161.013000,2390,,,,,,
e03.stp-A.red,813,2828, Guloso, gulosoRandomizado, 0.250000,66, 22456.098000,2390,,,,,,
e03.stp-A.red,813,2828, Guloso, gulosoRandomizado, 0.250000,67, 22807.017000,2390,,,,,,
e03.stp-A.red,813,2828, Guloso, gulosoRandomizado, 0.250000,68, 23118.031000,2390,,,,,,
e03.stp-A.red,813,2828, Guloso, gulosoRandomizado, 0.250000,69, 23411.385000,2390,,,,,,
e03.stp-A.red,813,2828, Guloso, gulosoRandomizado, 0.250000,70, 23740.773000,2390,,,,,,
e03.stp-A.red,813,2828, Guloso, gulosoRandomizado, 0.250000,71, 24064.785000,2390,,,,,,
e03.stp-A.red,813,2828, Guloso, gulosoRandomizado, 0.250000,72, 24312.673000,2390,,,,,,
e03.stp-A.red,813,2828, Guloso, gulosoRandomizado, 0.250000,73, 24603.224000,2390,,,,,,
e03.stp-A.red,813,2828, Guloso, gulosoRandomizado, 0.250000,74, 24974.655000,2390,,,,,,
e03.stp-A.red,813,2828, Guloso, gulosoRandomizado, 0.250000,75, 25349.395000,2390,,,,,,
e03.stp-A.red,813,2828, Guloso, gulosoRandomizado, 0.250000,76, 25647.887000,2390,,,,,,
e03.stp-A.red,813,2828, Guloso, gulosoRandomizado, 0.250000,77, 25997.617000,2390,,,,,,
e03.stp-A.red,813,2828, Guloso, gulosoRandomizado, 0.250000,78, 26268.141000,2390,,,,,,
e03.stp-A.red,813,2828, Guloso, gulosoRandomizado, 0.250000,79, 26554.225000,2390,,,,,,
e03.stp-A.red,813,2828, Guloso, gulosoRandomizado, 0.250000,80, 26899.778000,2390,,,,,,
e03.stp-A.red,813,2828, Guloso, gulosoRandomizado, 0.250000,81, 27180.754000,2390,,,,,,
e03.stp-A.red,813,2828, Guloso, gulosoRandomizado, 0.250000,82, 27554.023000,2390,,,,,,
e03.stp-A.red,813,2828, Guloso, gulosoRandomizado, 0.250000,83, 27981.401000,2390,,,,,,
e03.stp-A.red,813,2828, Guloso, gulosoRandomizado, 0.250000,84, 28313.191000,2390,,,,,,
e03.stp-A.red,813,2828, Guloso, gulosoRandomizado, 0.250000,85, 28638.925000,2390,,,,,,
e03.stp-A.red,813,2828, Guloso, gulosoRandomizado, 0.250000,86, 28963.976000,2390,,,,,,
e03.stp-A.red,813,2828, Guloso, gulosoRandomizado, 0.250000,87, 29322.685000,2390,,,,,,
e03.stp-A.red,813,2828, Guloso, gulosoRandomizado, 0.250000,88, 29673.252000,2390,,,,,,
e03.stp-A.red,813,2828, Guloso, gulosoRandomizado, 0.250000,89, 30069.356000,2390,,,,,,
e03.stp-A.red,813,2828, Guloso, gulosoRandomizado, 0.250000,90, 30422.136000,2390,,,,,,
e03.stp-A.red,813,2828, Guloso, gulosoRandomizado, 0.250000,91, 30801.034000,2390,,,,,,
e03.stp-A.red,813,2828, Guloso, gulosoRandomizado, 0.250000,92, 31182.852000,2390,,,,,,
e03.stp-A.red,813,2828, Guloso, gulosoRandomizado, 0.250000,93, 31649.056000,2390,,,,,,
e03.stp-A.red,813,2828, Guloso, gulosoRandomizado, 0.250000,94, 32068.387000,2390,,,,,,
e03.stp-A.red,813,2828, Guloso, gulosoRandomizado, 0.250000,95, 32475.948000,2390,,,,,,
e03.stp-A.red,813,2828, Guloso, gulosoRandomizado, 0.250000,96, 32860.017000,2390,,,,,,
e03.stp-A.red,813,2828, Guloso, gulosoRandomizado, 0.250000,97, 33174.822000,2390,,,,,,
e03.stp-A.red,813,2828, Guloso, gulosoRandomizado, 0.250000,98, 33644.128000,2390,,,,,,
e03.stp-A.red,813,2828, Guloso, gulosoRandomizado, 0.250000,99, 34022.974000,2390,,,,,,
e03.stp-A.red,813,2828, Guloso, gulosoRandomizado, 0.250000,100, 34366.357000,2390,,,,,,
e03.stp-A.red,813,2828, Guloso, gulosoRandomizado, 0.250000,101, 34706.302000,2390,,,,,,
e03.stp-A.red,813,2828, Guloso, gulosoRandomizado, 0.250000,102, 35040.069000,2390,,,,,,
e03.stp-A.red,813,2828, Guloso, gulosoRandomizado, 0.250000,103, 35397.528000,2390,,,,,,
e03.stp-A.red,813,2828, Guloso, gulosoRandomizado, 0.250000,104, 35697.603000,2390,,,,,,
e03.stp-A.red,813,2828, Guloso, gulosoRandomizado, 0.250000,105, 36062.950000,2390,,,,,,
e03.stp-A.red,813,2828, Guloso, gulosoRandomizado, 0.250000,106, 36374.308000,2390,,,,,,
e03.stp-A.red,813,2828, Guloso, gulosoRandomizado, 0.250000,107, 36673.454000,2390,,,,,,
e03.stp-A.red,813,2828, Guloso, gulosoRandomizado, 0.250000,108, 37035.855000,2390,,,,,,
e03.stp-A.red,813,2828, Guloso, gulosoRandomizado, 0.250000,109, 37387.344000,2390,,,,,,
e03.stp-A.red,813,2828, Guloso, gulosoRandomizado, 0.250000,110, 37834.216000,2390,,,,,,
e03.stp-A.red,813,2828, Guloso, gulosoRandomizado, 0.250000,111, 38196.139000,2390,,,,,,
e03.stp-A.red,813,2828, Guloso, gulosoRandomizado, 0.250000,112, 38598.958000,2390,,,,,,
e03.stp-A.red,813,2828, Guloso, gulosoRandomizado, 0.250000,113, 39011.321000,2390,,,,,,
e03.stp-A.red,813,2828, Guloso, gulosoRandomizado, 0.250000,114, 39463.894000,2390,,,,,,
e03.stp-A.red,813,2828, Guloso, gulosoRandomizado, 0.250000,115, 39982.292000,2390,,,,,,
e03.stp-A.red,813,2828, Guloso, gulosoRandomizado, 0.250000,116, 40340.229000,2390,,,,,,
e03.stp-A.red,813,2828, Guloso, gulosoRandomizado, 0.250000,117, 40794.064000,2390,,,,,,
e03.stp-A.red,813,2828, Guloso, gulosoRandomizado, 0.250000,118, 41106.487000,2390,,,,,,
e03.stp-A.red,813,2828, Guloso, gulosoRandomizado, 0.250000,119, 41510.316000,2390,,,,,,
e03.stp-A.red,813,2828, Guloso, gulosoRandomizado, 0.250000,120, 41945.155000,2390,,,,,,
e03.stp-A.red,813,2828, Guloso, gulosoRandomizado, 0.250000,121, 42360.452000,2390,,,,,,
e03.stp-A.red,813,2828, Guloso, gulosoRandomizado, 0.250000,122, 42732.319000,2390,,,,,,
e03.stp-A.red,813,2828, Guloso, gulosoRandomizado, 0.250000,123, 43150.277000,2390,,,,,,
e03.stp-A.red,813,2828, Guloso, gulosoRandomizado, 0.250000,124, 43497.301000,2390,,,,,,
e03.stp-A.red,813,2828, Guloso, gulosoRandomizado, 0.250000,125, 44007.597000,2390,,,,,,
e03.stp-A.red,813,2828, Guloso, gulosoRandomizado, 0.250000,126, 44450.390000,2390,,,,,,
e03.stp-A.red,813,2828, Guloso, gulosoRandomizado, 0.250000,127, 44822.592000,2390,,,,,,
e03.stp-A.red,813,2828, Guloso, gulosoRandomizado, 0.250000,128, 45260.425000,2390,,,,,,
e03.stp-A.red,813,2828, Guloso, gulosoRandomizado, 0.250000,129, 45577.625000,2390,,,,,,
e03.stp-A.red,813,2828, Guloso, gulosoRandomizado, 0.250000,130, 45938.303000,2390,,,,,,
e03.stp-A.red,813,2828, Guloso, gulosoRandomizado, 0.250000,131, 46273.666000,2390,,,,,,
e03.stp-A.red,813,2828, Guloso, gulosoRandomizado, 0.250000,132, 46622.553000,2390,,,,,,
e03.stp-A.red,813,2828, Guloso, gulosoRandomizado, 0.250000,133, 46932.405000,2390,,,,,,
e03.stp-A.red,813,2828, Guloso, gulosoRandomizado, 0.250000,134, 47292.539000,2390,,,,,,
e03.stp-A.red,813,2828, Guloso, gulosoRandomizado, 0.250000,135, 47674.191000,2390,,,,,,
e03.stp-A.red,813,2828, Guloso, gulosoRandomizado, 0.250000,136, 48032.977000,2390,,,,,,
e03.stp-A.red,813,2828, Guloso, gulosoRandomizado, 0.250000,137, 48339.946000,2390,,,,,,
e03.stp-A.red,813,2828, Guloso, gulosoRandomizado, 0.250000,138, 48693.571000,2390,,,,,,
e03.stp-A.red,813,2828, Guloso, gulosoRandomizado, 0.250000,139, 49026.029000,2390,,,,,,
e03.stp-A.red,813,2828, Guloso, gulosoRandomizado, 0.250000,140, 49332.969000,2390,,,,,,
e03.stp-A.red,813,2828, Guloso, gulosoRandomizado, 0.250000,141, 49668.123000,2390,,,,,,
e03.stp-A.red,813,2828, Guloso, gulosoRandomizado, 0.250000,142, 50043.971000,2390,,,,,,
e03.stp-A.red,813,2828, Guloso, gulosoRandomizado, 0.250000,143, 50538.501000,2390,,,,,,
e03.stp-A.red,813,2828, Guloso, gulosoRandomizado, 0.250000,144, 50961.911000,2390,,,,,,
e03.stp-A.red,813,2828, Guloso, gulosoRandomizado, 0.250000,145, 51336.836000,2390,,,,,,
e03.stp-A.red,813,2828, Guloso, gulosoRandomizado, 0.250000,146, 51743.903000,2390,,,,,,
e03.stp-A.red,813,2828, Guloso, gulosoRandomizado, 0.250000,147, 52061.446000,2390,,,,,,
e03.stp-A.red,813,2828, Guloso, gulosoRandomizado, 0.250000,148, 52420.201000,2390,,,,,,
e03.stp-A.red,813,2828, Guloso, gulosoRandomizado, 0.250000,149, 52924.487000,2390,,,,,,
e03.stp-A.red,813,2828, Guloso, gulosoRandomizado, 0.250000,150, 53380.298000,2390,,,,,,
e03.stp-A.red,813,2828, Guloso, gulosoRandomizado, 0.250000,151, 53750.282000,2390,,,,,,
e03.stp-A.red,813,2828, Guloso, gulosoRandomizado, 0.250000,152, 54156.293000,2390,,,,,,
e03.stp-A.red,813,2828, Guloso, gulosoRandomizado, 0.250000,153, 54559.041000,2390,,,,,,
e03.stp-A.red,813,2828, Guloso, gulosoRandomizado, 0.250000,154, 54943.093000,2390,,,,,,
e03.stp-A.red,813,2828, Guloso, gulosoRandomizado, 0.250000,155, 55461.837000,2390,,,,,,
e03.stp-A.red,813,2828, Guloso, gulosoRandomizado, 0.250000,156, 55928.353000,2390,,,,,,
e03.stp-A.red,813,2828, Guloso, gulosoRandomizado, 0.250000,157, 56345.648000,2390,,,,,,
e03.stp-A.red,813,2828, Guloso, gulosoRandomizado, 0.250000,158, 56732.686000,2390,,,,,,
e03.stp-A.red,813,2828, Guloso, gulosoRandomizado, 0.250000,159, 57182.505000,2390,,,,,,
e03.stp-A.red,813,2828, Guloso, gulosoRandomizado, 0.250000,160, 57645.848000,2390,,,,,,
e03.stp-A.red,813,2828, Guloso, gulosoRandomizado, 0.250000,161, 58015.949000,2390,,,,,,
e03.stp-A.red,813,2828, Guloso, gulosoRandomizado, 0.250000,162, 58416.121000,2390,,,,,,
e03.stp-A.red,813,2828, Guloso, gulosoRandomizado, 0.250000,163, 58864.333000,2390,,,,,,
e03.stp-A.red,813,2828, Guloso, gulosoRandomizado, 0.250000,164, 59196.707000,2390,,,,,,
e03.stp-A.red,813,2828, Guloso, gulosoRandomizado, 0.250000,165, 59576.775000,2390,,,,,,
e03.stp-A.red,813,2828, Guloso, gulosoRandomizado, 0.250000,166, 60069.449000,2390,,,,,,
e03.stp-A.red,813,2828, Guloso, gulosoRandomizado, 0.250000,167, 60402.668000,2390,,,,,,
e03.stp-A.red,813,2828, Guloso, gulosoRandomizado, 0.250000,168, 60800.726000,2390,,,,,,
e03.stp-A.red,813,2828, Guloso, gulosoRandomizado, 0.250000,169, 61188.074000,2390,,,,,,
e03.stp-A.red,813,2828, Guloso, gulosoRandomizado, 0.250000,170, 61615.414000,2390,,,,,,
e03.stp-A.red,813,2828, Guloso, gulosoRandomizado, 0.250000,171, 61938.939000,2390,,,,,,
e03.stp-A.red,813,2828, Guloso, gulosoRandomizado, 0.250000,172, 62290.965000,2390,,,,,,
e03.stp-A.red,813,2828, Guloso, gulosoRandomizado, 0.250000,173, 62582.660000,2390,,,,,,
e03.stp-A.red,813,2828, Guloso, gulosoRandomizado, 0.250000,174, 62913.283000,2390,,,,,,
e03.stp-A.red,813,2828, Guloso, gulosoRandomizado, 0.250000,175, 63224.746000,2390,,,,,,
e03.stp-A.red,813,2828, Guloso, gulosoRandomizado, 0.250000,176, 63494.202000,2390,,,,,,
e03.stp-A.red,813,2828, Guloso, gulosoRandomizado, 0.250000,177, 63799.819000,2390,,,,,,
e03.stp-A.red,813,2828, Guloso, gulosoRandomizado, 0.250000,178, 64156.519000,2390,,,,,,
e03.stp-A.red,813,2828, Guloso, gulosoRandomizado, 0.250000,179, 64461.276000,2390,,,,,,
e03.stp-A.red,813,2828, Guloso, gulosoRandomizado, 0.250000,180, 64721.995000,2390,,,,,,
e03.stp-A.red,813,2828, Guloso, gulosoRandomizado, 0.250000,181, 65055.293000,2390,,,,,,
e03.stp-A.red,813,2828, Guloso, gulosoRandomizado, 0.250000,182, 65327.163000,2390,,,,,,
e03.stp-A.red,813,2828, Guloso, gulosoRandomizado, 0.250000,183, 65663.526000,2390,,,,,,
e03.stp-A.red,813,2828, Guloso, gulosoRandomizado, 0.250000,184, 66005.346000,2390,,,,,,
e03.stp-A.red,813,2828, Guloso, gulosoRandomizado, 0.250000,185, 66345.568000,2390,,,,,,
e03.stp-A.red,813,2828, Guloso, gulosoRandomizado, 0.250000,186, 66630.422000,2390,,,,,,
e03.stp-A.red,813,2828, Guloso, gulosoRandomizado, 0.250000,187, 66951.684000,2390,,,,,,
e03.stp-A.red,813,2828, Guloso, gulosoRandomizado, 0.250000,188, 67342.310000,2390,,,,,,
e03.stp-A.red,813,2828, Guloso, gulosoRandomizado, 0.250000,189, 67708.828000,2390,,,,,,
e03.stp-A.red,813,2828, Guloso, gulosoRandomizado, 0.250000,190, 67999.077000,2390,,,,,,
e03.stp-A.red,813,2828, Guloso, gulosoRandomizado, 0.250000,191, 68238.831000,2390,,,,,,
e03.stp-A.red,813,2828, Guloso, gulosoRandomizado, 0.250000,192, 68489.181000,2390,,,,,,
e03.stp-A.red,813,2828, Guloso, gulosoRandomizado, 0.250000,193, 68820.491000,2390,,,,,,
e03.stp-A.red,813,2828, Guloso, gulosoRandomizado, 0.250000,194, 69153.052000,2390,,,,,,
e03.stp-A.red,813,2828, Guloso, gulosoRandomizado, 0.250000,195, 69533.083000,2390,,,,,,
e03.stp-A.red,813,2828, Guloso, gulosoRandomizado, 0.250000,196, 69873.398000,2390,,,,,,
e03.stp-A.red,813,2828, Guloso, gulosoRandomizado, 0.250000,197, 70250.222000,2390,,,,,,
e03.stp-A.red,813,2828, Guloso, gulosoRandomizado, 0.250000,198, 70748.677000,2390,,,,,,
e03.stp-A.red,813,2828, Guloso, gulosoRandomizado, 0.250000,199, 71248.362000,2390,,,,,,
e03.stp-A.red,813,2828, Guloso, gulosoRandomizado, 0.250000,200, 71662.098000,2390,,,,,,
e03.stp-A.red,813,2828, Guloso, gulosoRandomizado, 0.250000,201, 72043.901000,2390,,,,,,
e03.stp-A.red,813,2828, Guloso, gulosoRandomizado, 0.250000,202, 72564.634000,2390,,,,,,
e03.stp-A.red,813,2828, Guloso, gulosoRandomizado, 0.250000,203, 73071.407000,2390,,,,,,
e03.stp-A.red,813,2828, Guloso, gulosoRandomizado, 0.250000,204, 73595.785000,2390,,,,,,
e03.stp-A.red,813,2828, Guloso, gulosoRandomizado, 0.250000,205, 73999.275000,2390,,,,,,
e03.stp-A.red,813,2828, Guloso, gulosoRandomizado, 0.250000,206, 74324.510000,2390,,,,,,
e03.stp-A.red,813,2828, Guloso, gulosoRandomizado, 0.250000,207, 74644.679000,2390,,,,,,
e03.stp-A.red,813,2828, Guloso, gulosoRandomizado, 0.250000,208, 74959.477000,2390,,,,,,
e03.stp-A.red,813,2828, Guloso, gulosoRandomizado, 0.250000,209, 75302.778000,2390,,,,,,
e03.stp-A.red,813,2828, Guloso, gulosoRandomizado, 0.250000,210, 75681.859000,2390,,,,,,
e03.stp-A.red,813,2828, Guloso, gulosoRandomizado, 0.250000,211, 76088.119000,2390,,,,,,
e03.stp-A.red,813,2828, Guloso, gulosoRandomizado, 0.250000,212, 76443.447000,2390,,,,,,
e03.stp-A.red,813,2828, Guloso, gulosoRandomizado, 0.250000,213, 76763.418000,2390,,,,,,
e03.stp-A.red,813,2828, Guloso, gulosoRandomizado, 0.250000,214, 77106.637000,2390,,,,,,
e03.stp-A.red,813,2828, Guloso, gulosoRandomizado, 0.250000,215, 77457.198000,2390,,,,,,
e03.stp-A.red,813,2828, Guloso, gulosoRandomizado, 0.250000,216, 77791.094000,2390,,,,,,
e03.stp-A.red,813,2828, Guloso, gulosoRandomizado, 0.250000,217, 78193.592000,2390,,,,,,
e03.stp-A.red,813,2828, Guloso, gulosoRandomizado, 0.250000,218, 78563.965000,2390,,,,,,
e03.stp-A.red,813,2828, Guloso, gulosoRandomizado, 0.250000,219, 78869.729000,2390,,,,,,
e03.stp-A.red,813,2828, Guloso, gulosoRandomizado, 0.250000,220, 79304.999000,2390,,,,,,
e03.stp-A.red,813,2828, Guloso, gulosoRandomizado, 0.250000,221, 79648.051000,2390,,,,,,
e03.stp-A.red,813,2828, Guloso, gulosoRandomizado, 0.250000,222, 80047.911000,2390,,,,,,
e03.stp-A.red,813,2828, Guloso, gulosoRandomizado, 0.250000,223, 80434.229000,2390,,,,,,
e03.stp-A.red,813,2828, Guloso, gulosoRandomizado, 0.250000,224, 80823.848000,2390,,,,,,
e03.stp-A.red,813,2828, Guloso, gulosoRandomizado, 0.250000,225, 81135.521000,2390,,,,,,
e03.stp-A.red,813,2828, Guloso, gulosoRandomizado, 0.250000,226, 81433.549000,2390,,,,,,
e03.stp-A.red,813,2828, Guloso, gulosoRandomizado, 0.250000,227, 81702.786000,2390,,,,,,
e03.stp-A.red,813,2828, Guloso, gulosoRandomizado, 0.250000,228, 82071.827000,2390,,,,,,
e03.stp-A.red,813,2828, Guloso, gulosoRandomizado, 0.250000,229, 82441.638000,2390,,,,,,
e03.stp-A.red,813,2828, Guloso, gulosoRandomizado, 0.250000,230, 82741.468000,2390,,,,,,
e03.stp-A.red,813,2828, Guloso, gulosoRandomizado, 0.250000,231, 83142.573000,2390,,,,,,
e03.stp-A.red,813,2828, Guloso, gulosoRandomizado, 0.250000,232, 83462.928000,2390,,,,,,
e03.stp-A.red,813,2828, Guloso, gulosoRandomizado, 0.250000,233, 83808.686000,2390,,,,,,
e03.stp-A.red,813,2828, Guloso, gulosoRandomizado, 0.250000,234, 84215.968000,2390,,,,,,
e03.stp-A.red,813,2828, Guloso, gulosoRandomizado, 0.250000,235, 84494.051000,2390,,,,,,
e03.stp-A.red,813,2828, Guloso, gulosoRandomizado, 0.250000,236, 84791.008000,2390,,,,,,
e03.stp-A.red,813,2828, Guloso, gulosoRandomizado, 0.250000,237, 85176.094000,2390,,,,,,
e03.stp-A.red,813,2828, Guloso, gulosoRandomizado, 0.250000,238, 85637.011000,2390,,,,,,
e03.stp-A.red,813,2828, Guloso, gulosoRandomizado, 0.250000,239, 86010.554000,2390,,,,,,
e03.stp-A.red,813,2828, Guloso, gulosoRandomizado, 0.250000,240, 86290.019000,2390,,,,,,
e03.stp-A.red,813,2828, Guloso, gulosoRandomizado, 0.250000,241, 86583.130000,2390,,,,,,
e03.stp-A.red,813,2828, Guloso, gulosoRandomizado, 0.250000,242, 86935.404000,2390,,,,,,
e03.stp-A.red,813,2828, Guloso, gulosoRandomizado, 0.250000,243, 87226.389000,2390,,,,,,
e03.stp-A.red,813,2828, Guloso, gulosoRandomizado, 0.250000,244, 87517.712000,2390,,,,,,
e03.stp-A.red,813,2828, Guloso, gulosoRandomizado, 0.250000,245, 87893.557000,2390,,,,,,
e03.stp-A.red,813,2828, Guloso, gulosoRandomizado, 0.250000,246, 88283.415000,2390,,,,,,
e03.stp-A.red,813,2828, Guloso, gulosoRandomizado, 0.250000,247, 88628.324000,2390,,,,,,
e03.stp-A.red,813,2828, Guloso, gulosoRandomizado, 0.250000,248, 89053.743000,2390,,,,,,
e03.stp-A.red,813,2828, Guloso, gulosoRandomizado, 0.250000,249, 89464.324000,2390,,,,,,
e03.stp-A.red,813,2828, Guloso, gulosoRandomizado, 0.250000,250, 89736.660000,2390,,,,,,
e03.stp-A.red,813,2828, Guloso, gulosoRandomizado, 0.250000,251, 90262.240000,2390,,,,,,
e03.stp-A.red,813,2828, Guloso, gulosoRandomizado, 0.250000,252, 90572.718000,2390,,,,,,
e03.stp-A.red,813,2828, Guloso, gulosoRandomizado, 0.250000,253, 90856.267000,2390,,,,,,
e03.stp-A.red,813,2828, Guloso, gulosoRandomizado, 0.250000,254, 91198.815000,2390,,,,,,
e03.stp-A.red,813,2828, Guloso, gulosoRandomizado, 0.250000,255, 91473.040000,2390,,,,,,
e03.stp-A.red,813,2828, Guloso, gulosoRandomizado, 0.250000,256, 91718.683000,2390,,,,,,
e03.stp-A.red,813,2828, Guloso, gulosoRandomizado, 0.250000,257, 92059.620000,2390,,,,,,
e03.stp-A.red,813,2828, Guloso, gulosoRandomizado, 0.250000,258, 92423.361000,2390,,,,,,
e03.stp-A.red,813,2828, Guloso, gulosoRandomizado, 0.250000,259, 92826.666000,2390,,,,,,
e03.stp-A.red,813,2828, Guloso, gulosoRandomizado, 0.250000,260, 93153.546000,2390,,,,,,
e03.stp-A.red,813,2828, Guloso, gulosoRandomizado, 0.250000,261, 93460.693000,2390,,,,,,
e03.stp-A.red,813,2828, Guloso, gulosoRandomizado, 0.250000,262, 93864.026000,2390,,,,,,
e03.stp-A.red,813,2828, Guloso, gulosoRandomizado, 0.250000,263, 94292.097000,2390,,,,,,
e03.stp-A.red,813,2828, Guloso, gulosoRandomizado, 0.250000,264, 94595.533000,2390,,,,,,
e03.stp-A.red,813,2828, Guloso, gulosoRandomizado, 0.250000,265, 94958.588000,2390,,,,,,
e03.stp-A.red,813,2828, Guloso, gulosoRandomizado, 0.250000,266, 95313.991000,2390,,,,,,
e03.stp-A.red,813,2828, Guloso, gulosoRandomizado, 0.250000,267, 95635.692000,2390,,,,,,
e03.stp-A.red,813,2828, Guloso, gulosoRandomizado, 0.250000,268, 96061.151000,2390,,,,,,
e03.stp-A.red,813,2828, Guloso, gulosoRandomizado, 0.250000,269, 96412.493000,2390,,,,,,
e03.stp-A.red,813,2828, Guloso, gulosoRandomizado, 0.250000,270, 96783.987000,2390,,,,,,
e03.stp-A.red,813,2828, Guloso, gulosoRandomizado, 0.250000,271, 97254.934000,2390,,,,,,
e03.stp-A.red,813,2828, Guloso, gulosoRandomizado, 0.250000,272, 97639.515000,2390,,,,,,
e03.stp-A.red,813,2828, Guloso, gulosoRandomizado, 0.250000,273, 98021.980000,2390,,,,,,
e03.stp-A.red,813,2828, Guloso, gulosoRandomizado, 0.250000,274, 98395.988000,2390,,,,,,
e03.stp-A.red,813,2828, Guloso, gulosoRandomizado, 0.250000,275, 98753.465000,2390,,,,,,
e03.stp-A.red,813,2828, Guloso, gulosoRandomizado, 0.250000,276, 99088.737000,2390,,,,,,
e03.stp-A.red,813,2828, Guloso, gulosoRandomizado, 0.250000,277, 99470.307000,2390,,,,,,
e03.stp-A.red,813,2828, Guloso, gulosoRandomizado, 0.250000,278, 99791.599000,2390,,,,,,
e03.stp-A.red,813,2828, Guloso, gulosoRandomizado, 0.250000,279, 100114.443000,2390,,,,,,
e03.stp-A.red,813,2828, Guloso, gulosoRandomizado, 0.250000,280, 100378.429000,2390,,,,,,
e03.stp-A.red,813,2828, Guloso, gulosoRandomizado, 0.250000,281, 100710.195000,2390,,,,,,
e03.stp-A.red,813,2828, Guloso, gulosoRandomizado, 0.250000,282, 100984.296000,2390,,,,,,
e03.stp-A.red,813,2828, Guloso, gulosoRandomizado, 0.250000,283, 101253.208000,2390,,,,,,
e03.stp-A.red,813,2828, Guloso, gulosoRandomizado, 0.250000,284, 101537.264000,2390,,,,,,
e03.stp-A.red,813,2828, Guloso, gulosoRandomizado, 0.250000,285, 101816.533000,2390,,,,,,
e03.stp-A.red,813,2828, Guloso, gulosoRandomizado, 0.250000,286, 102144.326000,2390,,,,,,
e03.stp-A.red,813,2828, Guloso, gulosoRandomizado, 0.250000,287, 102398.211000,2390,,,,,,
e03.stp-A.red,813,2828, Guloso, gulosoRandomizado, 0.250000,288, 102764.134000,2390,,,,,,
e03.stp-A.red,813,2828, Guloso, gulosoRandomizado, 0.250000,289, 103061.719000,2390,,,,,,
e03.stp-A.red,813,2828, Guloso, gulosoRandomizado, 0.250000,290, 103367.576000,2390,,,,,,
e03.stp-A.red,813,2828, Guloso, gulosoRandomizado, 0.250000,291, 103707.306000,2390,,,,,,
e03.stp-A.red,813,2828, Guloso, gulosoRandomizado, 0.250000,292, 104000.541000,2390,,,,,,
e03.stp-A.red,813,2828, Guloso, gulosoRandomizado, 0.250000,293, 104248.502000,2390,,,,,,
e03.stp-A.red,813,2828, Guloso, gulosoRandomizado, 0.250000,294, 104561.238000,2390,,,,,,
e03.stp-A.red,813,2828, Guloso, gulosoRandomizado, 0.250000,295, 104874.933000,2390,,,,,,
e03.stp-A.red,813,2828, Guloso, gulosoRandomizado, 0.250000,296, 105144.047000,2390,,,,,,
e03.stp-A.red,813,2828, Guloso, gulosoRandomizado, 0.250000,297, 105419.439000,2390,,,,,,
e03.stp-A.red,813,2828, Guloso, gulosoRandomizado, 0.250000,298, 105754.090000,2390,,,,,,
e03.stp-A.red,813,2828, Guloso, gulosoRandomizado, 0.250000,299, 106045.375000,2390,,,,,,
e03.stp-A.red,813,2828, Guloso, gulosoRandomizado, 0.250000,300, 106305.478000,2390,,,,,,
e03.stp-A.red,813,2828, Guloso, gulosoRandomizado, 0.250000,301, 106626.398000,2390,,,,,,
e03.stp-A.red,813,2828, Guloso, gulosoRandomizado, 0.250000,302, 106967.300000,2390,,,,,,
e03.stp-A.red,813,2828, Guloso, gulosoRandomizado, 0.250000,303, 107257.179000,2390,,,,,,
e03.stp-A.red,813,2828, Guloso, gulosoRandomizado, 0.250000,304, 107569.584000,2390,,,,,,
e03.stp-A.red,813,2828, Guloso, gulosoRandomizado, 0.250000,305, 107909.277000,2390,,,,,,
e03.stp-A.red,813,2828, Guloso, gulosoRandomizado, 0.250000,306, 108247.238000,2390,,,,,,
e03.stp-A.red,813,2828, Guloso, gulosoRandomizado, 0.250000,307, 108615.018000,2390,,,,,,
e03.stp-A.red,813,2828, Guloso, gulosoRandomizado, 0.250000,308, 109073.024000,2390,,,,,,
e03.stp-A.red,813,2828, Guloso, gulosoRandomizado, 0.250000,309, 109464.534000,2390,,,,,,
e03.stp-A.red,813,2828, Guloso, gulosoRandomizado, 0.250000,310, 109863.870000,2390,,,,,,
e03.stp-A.red,813,2828, Guloso, gulosoRandomizado, 0.250000,311, 110162.175000,2390,,,,,,
e03.stp-A.red,813,2828, Guloso, gulosoRandomizado, 0.250000,312, 110568.489000,2390,,,,,,
e03.stp-A.red,813,2828, Guloso, gulosoRandomizado, 0.250000,313, 110914.022000,2390,,,,,,
e03.stp-A.red,813,2828, Guloso, gulosoRandomizado, 0.250000,314, 111311.489000,2390,,,,,,
e03.stp-A.red,813,2828, Guloso, gulosoRandomizado, 0.250000,315, 111695.443000,2390,,,,,,
e03.stp-A.red,813,2828, Guloso, gulosoRandomizado, 0.250000,316, 112012.612000,2390,,,,,,
e03.stp-A.red,813,2828, Guloso, gulosoRandomizado, 0.250000,317, 112319.192000,2390,,,,,,
e03.stp-A.red,813,2828, Guloso, gulosoRandomizado, 0.250000,318, 112615.421000,2390,,,,,,
e03.stp-A.red,813,2828, Guloso, gulosoRandomizado, 0.250000,319, 112970.857000,2390,,,,,,
e03.stp-A.red,813,2828, Guloso, gulosoRandomizado, 0.250000,320, 113271.193000,2390,,,,,,
e03.stp-A.red,813,2828, Guloso, gulosoRandomizado, 0.250000,321, 113604.877000,2390,,,,,,
e03.stp-A.red,813,2828, Guloso, gulosoRandomizado, 0.250000,322, 113894.610000,2390,,,,,,
e03.stp-A.red,813,2828, Guloso, gulosoRandomizado, 0.250000,323, 114257.712000,2390,,,,,,
e03.stp-A.red,813,2828, Guloso, gulosoRandomizado, 0.250000,324, 114522.225000,2390,,,,,,
e03.stp-A.red,813,2828, Guloso, gulosoRandomizado, 0.250000,325, 114811.187000,2390,,,,,,
e03.stp-A.red,813,2828, Guloso, gulosoRandomizado, 0.250000,326, 115080.774000,2390,,,,,,
e03.stp-A.red,813,2828, Guloso, gulosoRandomizado, 0.250000,327, 115406.562000,2390,,,,,,
e03.stp-A.red,813,2828, Guloso, gulosoRandomizado, 0.250000,328, 115731.695000,2390,,,,,,
e03.stp-A.red,813,2828, Guloso, gulosoRandomizado, 0.250000,329, 116020.864000,2390,,,,,,
e03.stp-A.red,813,2828, Guloso, gulosoRandomizado, 0.250000,330, 116275.055000,2390,,,,,,
e03.stp-A.red,813,2828, Guloso, gulosoRandomizado, 0.250000,331, 116619.509000,2390,,,,,,
e03.stp-A.red,813,2828, Guloso, gulosoRandomizado, 0.250000,332, 116982.595000,2390,,,,,,
e03.stp-A.red,813,2828, Guloso, gulosoRandomizado, 0.250000,333, 117289.050000,2390,,,,,,
e03.stp-A.red,813,2828, Guloso, gulosoRandomizado, 0.250000,334, 117548.558000,2390,,,,,,
e03.stp-A.red,813,2828, Guloso, gulosoRandomizado, 0.250000,335, 117884.458000,2390,,,,,,
e03.stp-A.red,813,2828, Guloso, gulosoRandomizado, 0.250000,336, 118128.171000,2390,,,,,,
e03.stp-A.red,813,2828, Guloso, gulosoRandomizado, 0.250000,337, 118393.594000,2390,,,,,,
e03.stp-A.red,813,2828, Guloso, gulosoRandomizado, 0.250000,338, 118794.209000,2390,,,,,,
e03.stp-A.red,813,2828, Guloso, gulosoRandomizado, 0.250000,339, 119152.816000,2390,,,,,,
e03.stp-A.red,813,2828, Guloso, gulosoRandomizado, 0.250000,340, 119540.313000,2390,,,,,,
e03.stp-A.red,813,2828, Guloso, gulosoRandomizado, 0.250000,341, 119922.615000,2390,,,,,,
e03.stp-A.red,813,2828, Guloso, gulosoRandomizado, 0.250000,342, 120206.487000,2390,,,,,,
e03.stp-A.red,813,2828, Guloso, gulosoRandomizado, 0.250000,343, 120482.693000,2390,,,,,,
e03.stp-A.red,813,2828, Guloso, gulosoRandomizado, 0.250000,344, 120730.864000,2390,,,,,,
e03.stp-A.red,813,2828, Guloso, gulosoRandomizado, 0.250000,345, 121071.115000,2390,,,,,,
e03.stp-A.red,813,2828, Guloso, gulosoRandomizado, 0.250000,346, 121345.120000,2390,,,,,,
e03.stp-A.red,813,2828, Guloso, gulosoRandomizado, 0.250000,347, 121629.444000,2390,,,,,,
e03.stp-A.red,813,2828, Guloso, gulosoRandomizado, 0.250000,348, 121921.375000,2390,,,,,,
e03.stp-A.red,813,2828, Guloso, gulosoRandomizado, 0.250000,349, 122248.502000,2390,,,,,,
e03.stp-A.red,813,2828, Guloso, gulosoRandomizado, 0.250000,350, 122526.194000,2390,,,,,,
e03.stp-A.red,813,2828, Guloso, gulosoRandomizado, 0.250000,351, 122796.535000,2390,,,,,,
e03.stp-A.red,813,2828, Guloso, gulosoRandomizado, 0.250000,352, 123083.518000,2390,,,,,,
e03.stp-A.red,813,2828, Guloso, gulosoRandomizado, 0.250000,353, 123397.564000,2390,,,,,,
e03.stp-A.red,813,2828, Guloso, gulosoRandomizado, 0.250000,354, 123723.476000,2390,,,,,,
e03.stp-A.red,813,2828, Guloso, gulosoRandomizado, 0.250000,355, 124029.005000,2390,,,,,,
e03.stp-A.red,813,2828, Guloso, gulosoRandomizado, 0.250000,356, 124299.287000,2390,,,,,,
e03.stp-A.red,813,2828, Guloso, gulosoRandomizado, 0.250000,357, 124616.420000,2390,,,,,,
e03.stp-A.red,813,2828, Guloso, gulosoRandomizado, 0.250000,358, 124921.724000,2390,,,,,,
e03.stp-A.red,813,2828, Guloso, gulosoRandomizado, 0.250000,359, 125244.959000,2390,,,,,,
e03.stp-A.red,813,2828, Guloso, gulosoRandomizado, 0.250000,360, 125596.867000,2390,,,,,,
e03.stp-A.red,813,2828, Guloso, gulosoRandomizado, 0.250000,361, 125874.986000,2390,,,,,,
e03.stp-A.red,813,2828, Guloso, gulosoRandomizado, 0.250000,362, 126173.118000,2390,,,,,,
e03.stp-A.red,813,2828, Guloso, gulosoRandomizado, 0.250000,363, 126495.308000,2390,,,,,,
e03.stp-A.red,813,2828, Guloso, gulosoRandomizado, 0.250000,364, 126750.016000,2390,,,,,,
e03.stp-A.red,813,2828, Guloso, gulosoRandomizado, 0.250000,365, 127054.416000,2390,,,,,,
e03.stp-A.red,813,2828, Guloso, gulosoRandomizado, 0.250000,366, 127293.166000,2390,,,,,,
e03.stp-A.red,813,2828, Guloso, gulosoRandomizado, 0.250000,367, 127626.262000,2390,,,,,,
e03.stp-A.red,813,2828, Guloso, gulosoRandomizado, 0.250000,368, 127910.751000,2390,,,,,,
e03.stp-A.red,813,2828, Guloso, gulosoRandomizado, 0.250000,369, 128210.687000,2390,,,,,,
e03.stp-A.red,813,2828, Guloso, gulosoRandomizado, 0.250000,370, 128486.304000,2390,,,,,,
e03.stp-A.red,813,2828, Guloso, gulosoRandomizado, 0.250000,371, 128772.744000,2390,,,,,,
e03.stp-A.red,813,2828, Guloso, gulosoRandomizado, 0.250000,372, 129085.118000,2390,,,,,,
e03.stp-A.red,813,2828, Guloso, gulosoRandomizado, 0.250000,373, 129387.948000,2390,,,,,,
e03.stp-A.red,813,2828, Guloso, gulosoRandomizado, 0.250000,374, 129677.786000,2390,,,,,,
e03.stp-A.red,813,2828, Guloso, gulosoRandomizado, 0.250000,375, 129979.568000,2390,,,,,,
e03.stp-A.red,813,2828, Guloso, gulosoRandomizado, 0.250000,376, 130232.351000,2390,,,,,,
e03.stp-A.red,813,2828, Guloso, gulosoRandomizado, 0.250000,377, 130486.944000,2390,,,,,,
e03.stp-A.red,813,2828, Guloso, gulosoRandomizado, 0.250000,378, 130782.840000,2390,,,,,,
e03.stp-A.red,813,2828, Guloso, gulosoRandomizado, 0.250000,379, 131084.890000,2390,,,,,,
e03.stp-A.red,813,2828, Guloso, gulosoRandomizado, 0.250000,380, 131343.915000,2390,,,,,,
e03.stp-A.red,813,2828, Guloso, gulosoRandomizado, 0.250000,381, 131616.296000,2390,,,,,,
e03.stp-A.red,813,2828, Guloso, gulosoRandomizado, 0.250000,382, 131955.504000,2390,,,,,,
e03.stp-A.red,813,2828, Guloso, gulosoRandomizado, 0.250000,383, 132273.388000,2390,,,,,,
e03.stp-A.red,813,2828, Guloso, gulosoRandomizado, 0.250000,384, 132510.125000,2390,,,,,,
e03.stp-A.red,813,2828, Guloso, gulosoRandomizado, 0.250000,385, 132885.261000,2390,,,,,,
e03.stp-A.red,813,2828, Guloso, gulosoRandomizado, 0.250000,386, 133186.533000,2390,,,,,,
e03.stp-A.red,813,2828, Guloso, gulosoRandomizado, 0.250000,387, 133529.243000,2390,,,,,,
e03.stp-A.red,813,2828, Guloso, gulosoRandomizado, 0.250000,388, 133847.758000,2390,,,,,,
e03.stp-A.red,813,2828, Guloso, gulosoRandomizado, 0.250000,389, 134239.864000,2390,,,,,,
e03.stp-A.red,813,2828, Guloso, gulosoRandomizado, 0.250000,390, 134563.355000,2390,,,,,,
e03.stp-A.red,813,2828, Guloso, gulosoRandomizado, 0.250000,391, 134930.721000,2390,,,,,,
e03.stp-A.red,813,2828, Guloso, gulosoRandomizado, 0.250000,392, 135259.478000,2390,,,,,,
e03.stp-A.red,813,2828, Guloso, gulosoRandomizado, 0.250000,393, 135506.247000,2390,,,,,,
e03.stp-A.red,813,2828, Guloso, gulosoRandomizado, 0.250000,394, 135803.738000,2390,,,,,,
e03.stp-A.red,813,2828, Guloso, gulosoRandomizado, 0.250000,395, 136068.349000,2390,,,,,,
e03.stp-A.red,813,2828, Guloso, gulosoRandomizado, 0.250000,396, 136384.720000,2390,,,,,,
e03.stp-A.red,813,2828, Guloso, gulosoRandomizado, 0.250000,397, 136774.326000,2390,,,,,,
e03.stp-A.red,813,2828, Guloso, gulosoRandomizado, 0.250000,398, 137156.021000,2390,,,,,,
e03.stp-A.red,813,2828, Guloso, gulosoRandomizado, 0.250000,399, 137511.744000,2390,,,,,,
e03.stp-A.red,813,2828, Guloso, gulosoRandomizado, 0.250000,400, 137800.646000,2390,,,,,,
e03.stp-A.red,813,2828, Guloso, gulosoRandomizado, 0.250000,401, 138114.252000,2390,,,,,,
e03.stp-A.red,813,2828, Guloso, gulosoRandomizado, 0.250000,402, 138407.839000,2390,,,,,,
e03.stp-A.red,813,2828, Guloso, gulosoRandomizado, 0.250000,403, 138684.955000,2390,,,,,,
e03.stp-A.red,813,2828, Guloso, gulosoRandomizado, 0.250000,404, 139007.006000,2390,,,,,,
e03.stp-A.red,813,2828, Guloso, gulosoRandomizado, 0.250000,405, 139254.737000,2390,,,,,,
e03.stp-A.red,813,2828, Guloso, gulosoRandomizado, 0.250000,406, 139544.185000,2390,,,,,,
e03.stp-A.red,813,2828, Guloso, gulosoRandomizado, 0.250000,407, 139854.939000,2390,,,,,,
e03.stp-A.red,813,2828, Guloso, gulosoRandomizado, 0.250000,408, 140142.251000,2390,,,,,,
e03.stp-A.red,813,2828, Guloso, gulosoRandomizado, 0.250000,409, 140472.150000,2390,,,,,,
e03.stp-A.red,813,2828, Guloso, gulosoRandomizado, 0.250000,410, 140795.225000,2390,,,,,,
e03.stp-A.red,813,2828, Guloso, gulosoRandomizado, 0.250000,411, 141066.898000,2390,,,,,,
e03.stp-A.red,813,2828, Guloso, gulosoRandomizado, 0.250000,412, 141331.084000,2390,,,,,,
e03.stp-A.red,813,2828, Guloso, gulosoRandomizado, 0.250000,413, 141626.915000,2390,,,,,,
e03.stp-A.red,813,2828, Guloso, gulosoRandomizado, 0.250000,414, 141861.847000,2390,,,,,,
e03.stp-A.red,813,2828, Guloso, gulosoRandomizado, 0.250000,415, 142194.642000,2390,,,,,,
e03.stp-A.red,813,2828, Guloso, gulosoRandomizado, 0.250000,416, 142560.338000,2390,,,,,,
e03.stp-A.red,813,2828, Guloso, gulosoRandomizado, 0.250000,417, 142988.797000,2390,,,,,,
e03.stp-A.red,813,2828, Guloso, gulosoRandomizado, 0.250000,418, 143340.345000,2390,,,,,,
e03.stp-A.red,813,2828, Guloso, gulosoRandomizado, 0.250000,419, 143691.473000,2390,,,,,,
e03.stp-A.red,813,2828, Guloso, gulosoRandomizado, 0.250000,420, 144000.948000,2390,,,,,,
e03.stp-A.red,813,2828, Guloso, gulosoRandomizado, 0.250000,421, 144341.231000,2390,,,,,,
e03.stp-A.red,813,2828, Guloso, gulosoRandomizado, 0.250000,422, 144772.682000,2390,,,,,,
e03.stp-A.red,813,2828, Guloso, gulosoRandomizado, 0.250000,423, 145075.034000,2390,,,,,,
e03.stp-A.red,813,2828, Guloso, gulosoRandomizado, 0.250000,424, 145400.511000,2390,,,,,,
e03.stp-A.red,813,2828, Guloso, gulosoRandomizado, 0.250000,425, 145818.019000,2390,,,,,,
e03.stp-A.red,813,2828, Guloso, gulosoRandomizado, 0.250000,426, 146140.236000,2390,,,,,,
e03.stp-A.red,813,2828, Guloso, gulosoRandomizado, 0.250000,427, 146495.199000,2390,,,,,,
e03.stp-A.red,813,2828, Guloso, gulosoRandomizado, 0.250000,428, 146818.471000,2390,,,,,,
e03.stp-A.red,813,2828, Guloso, gulosoRandomizado, 0.250000,429, 147169.378000,2390,,,,,,
e03.stp-A.red,813,2828, Guloso, gulosoRandomizado, 0.250000,430, 147533.413000,2390,,,,,,
e03.stp-A.red,813,2828, Guloso, gulosoRandomizado, 0.250000,431, 147936.306000,2390,,,,,,
e03.stp-A.red,813,2828, Guloso, gulosoRandomizado, 0.250000,432, 148331.144000,2390,,,,,,
e03.stp-A.red,813,2828, Guloso, gulosoRandomizado, 0.250000,433, 148668.082000,2390,,,,,,
e03.stp-A.red,813,2828, Guloso, gulosoRandomizado, 0.250000,434, 149053.652000,2390,,,,,,
e03.stp-A.red,813,2828, Guloso, gulosoRandomizado, 0.250000,435, 149338.130000,2390,,,,,,
e03.stp-A.red,813,2828, Guloso, gulosoRandomizado, 0.250000,436, 149704.006000,2390,,,,,,
e03.stp-A.red,813,2828, Guloso, gulosoRandomizado, 0.250000,437, 150093.268000,2390,,,,,,
e03.stp-A.red,813,2828, Guloso, gulosoRandomizado, 0.250000,438, 150434.717000,2390,,,,,,
e03.stp-A.red,813,2828, Guloso, gulosoRandomizado, 0.250000,439, 150794.435000,2390,,,,,,
e03.stp-A.red,813,2828, Guloso, gulosoRandomizado, 0.250000,440, 151136.658000,2390,,,,,,
e03.stp-A.red,813,2828, Guloso, gulosoRandomizado, 0.250000,441, 151460.782000,2390,,,,,,
e03.stp-A.red,813,2828, Guloso, gulosoRandomizado, 0.250000,442, 151776.608000,2390,,,,,,
e03.stp-A.red,813,2828, Guloso, gulosoRandomizado, 0.250000,443, 152076.229000,2390,,,,,,
e03.stp-A.red,813,2828, Guloso, gulosoRandomizado, 0.250000,444, 152448.013000,2390,,,,,,
e03.stp-A.red,813,2828, Guloso, gulosoRandomizado, 0.250000,445, 152782.630000,2390,,,,,,
e03.stp-A.red,813,2828, Guloso, gulosoRandomizado, 0.250000,446, 153085.725000,2390,,,,,,
e03.stp-A.red,813,2828, Guloso, gulosoRandomizado, 0.250000,447, 153450.443000,2390,,,,,,
e03.stp-A.red,813,2828, Guloso, gulosoRandomizado, 0.250000,448, 153824.410000,2390,,,,,,
e03.stp-A.red,813,2828, Guloso, gulosoRandomizado, 0.250000,449, 154269.248000,2390,,,,,,
e03.stp-A.red,813,2828, Guloso, gulosoRandomizado, 0.250000,450, 154670.308000,2390,,,,,,
e03.stp-A.red,813,2828, Guloso, gulosoRandomizado, 0.250000,451, 155090.456000,2390,,,,,,
e03.stp-A.red,813,2828, Guloso, gulosoRandomizado, 0.250000,452, 155424.793000,2390,,,,,,
e03.stp-A.red,813,2828, Guloso, gulosoRandomizado, 0.250000,453, 155796.769000,2390,,,,,,
e03.stp-A.red,813,2828, Guloso, gulosoRandomizado, 0.250000,454, 156193.098000,2390,,,,,,
e03.stp-A.red,813,2828, Guloso, gulosoRandomizado, 0.250000,455, 156582.991000,2390,,,,,,
e03.stp-A.red,813,2828, Guloso, gulosoRandomizado, 0.250000,456, 156917.349000,2390,,,,,,
e03.stp-A.red,813,2828, Guloso, gulosoRandomizado, 0.250000,457, 157297.396000,2390,,,,,,
e03.stp-A.red,813,2828, Guloso, gulosoRandomizado, 0.250000,458, 157645.200000,2390,,,,,,
e03.stp-A.red,813,2828, Guloso, gulosoRandomizado, 0.250000,459, 157986.972000,2390,,,,,,
e03.stp-A.red,813,2828, Guloso, gulosoRandomizado, 0.250000,460, 158451.267000,2390,,,,,,
e03.stp-A.red,813,2828, Guloso, gulosoRandomizado, 0.250000,461, 158823.922000,2390,,,,,,
e03.stp-A.red,813,2828, Guloso, gulosoRandomizado, 0.250000,462, 159186.384000,2390,,,,,,
e03.stp-A.red,813,2828, Guloso, gulosoRandomizado, 0.250000,463, 159518.247000,2390,,,,,,
e03.stp-A.red,813,2828, Guloso, gulosoRandomizado, 0.250000,464, 159823.187000,2390,,,,,,
e03.stp-A.red,813,2828, Guloso, gulosoRandomizado, 0.250000,465, 160185.827000,2390,,,,,,
e03.stp-A.red,813,2828, Guloso, gulosoRandomizado, 0.250000,466, 160548.703000,2390,,,,,,
e03.stp-A.red,813,2828, Guloso, gulosoRandomizado, 0.250000,467, 160967.589000,2390,,,,,,
e03.stp-A.red,813,2828, Guloso, gulosoRandomizado, 0.250000,468, 161339.821000,2390,,,,,,
e03.stp-A.red,813,2828, Guloso, gulosoRandomizado, 0.250000,469, 161735.372000,2390,,,,,,
e03.stp-A.red,813,2828, Guloso, gulosoRandomizado, 0.250000,470, 162145.608000,2390,,,,,,
e03.stp-A.red,813,2828, Guloso, gulosoRandomizado, 0.250000,471, 162409.082000,2390,,,,,,
e03.stp-A.red,813,2828, Guloso, gulosoRandomizado, 0.250000,472, 162657.392000,2390,,,,,,
e03.stp-A.red,813,2828, Guloso, gulosoRandomizado, 0.250000,473, 163095.120000,2390,,,,,,
e03.stp-A.red,813,2828, Guloso, gulosoRandomizado, 0.250000,474, 163426.933000,2390,,,,,,
e03.stp-A.red,813,2828, Guloso, gulosoRandomizado, 0.250000,475, 163753.559000,2390,,,,,,
e03.stp-A.red,813,2828, Guloso, gulosoRandomizado, 0.250000,476, 164047.216000,2390,,,,,,
e03.stp-A.red,813,2828, Guloso, gulosoRandomizado, 0.250000,477, 164387.828000,2390,,,,,,
e03.stp-A.red,813,2828, Guloso, gulosoRandomizado, 0.250000,478, 164761.910000,2390,,,,,,
e03.stp-A.red,813,2828, Guloso, gulosoRandomizado, 0.250000,479, 165021.941000,2390,,,,,,
e03.stp-A.red,813,2828, Guloso, gulosoRandomizado, 0.250000,480, 165350.718000,2390,,,,,,
e03.stp-A.red,813,2828, Guloso, gulosoRandomizado, 0.250000,481, 165660.481000,2390,,,,,,
e03.stp-A.red,813,2828, Guloso, gulosoRandomizado, 0.250000,482, 165985.292000,2390,,,,,,
e03.stp-A.red,813,2828, Guloso, gulosoRandomizado, 0.250000,483, 166280.101000,2390,,,,,,
e03.stp-A.red,813,2828, Guloso, gulosoRandomizado, 0.250000,484, 166592.943000,2390,,,,,,
e03.stp-A.red,813,2828, Guloso, gulosoRandomizado, 0.250000,485, 166856.134000,2390,,,,,,
e03.stp-A.red,813,2828, Guloso, gulosoRandomizado, 0.250000,486, 167196.374000,2390,,,,,,
e03.stp-A.red,813,2828, Guloso, gulosoRandomizado, 0.250000,487, 167544.659000,2390,,,,,,
e03.stp-A.red,813,2828, Guloso, gulosoRandomizado, 0.250000,488, 167871.182000,2390,,,,,,
e03.stp-A.red,813,2828, Guloso, gulosoRandomizado, 0.250000,489, 168166.951000,2390,,,,,,
e03.stp-A.red,813,2828, Guloso, gulosoRandomizado, 0.250000,490, 168466.417000,2390,,,,,,
e03.stp-A.red,813,2828, Guloso, gulosoRandomizado, 0.250000,491, 168802.201000,2390,,,,,,
e03.stp-A.red,813,2828, Guloso, gulosoRandomizado, 0.250000,492, 169119.308000,2390,,,,,,
e03.stp-A.red,813,2828, Guloso, gulosoRandomizado, 0.250000,493, 169381.693000,2390,,,,,,
e03.stp-A.red,813,2828, Guloso, gulosoRandomizado, 0.250000,494, 169683.614000,2390,,,,,,
e03.stp-A.red,813,2828, Guloso, gulosoRandomizado, 0.250000,495, 170024.427000,2390,,,,,,
e03.stp-A.red,813,2828, Guloso, gulosoRandomizado, 0.250000,496, 170323.797000,2390,,,,,,
e03.stp-A.red,813,2828, Guloso, gulosoRandomizado, 0.250000,497, 170614.729000,2390,,,,,,
e03.stp-A.red,813,2828, Guloso, gulosoRandomizado, 0.250000,498, 170922.915000,2390,,,,,,
e03.stp-A.red,813,2828, Guloso, gulosoRandomizado, 0.250000,499, 171259.405000,2390,,,,,,
e03.stp-A.red,813,2828, Guloso, gulosoRandomizado, 0.250000,500, 171574.525000,2390,,,,,,
e03.stp-A.red,813,2828, Guloso, gulosoRandomizado, 0.250000,501, 171917.979000,2390,,,,,,
e03.stp-A.red,813,2828, Guloso, gulosoRandomizado, 0.250000,502, 172293.574000,2390,,,,,,
e03.stp-A.red,813,2828, Guloso, gulosoRandomizado, 0.250000,503, 172629.666000,2390,,,,,,
e03.stp-A.red,813,2828, Guloso, gulosoRandomizado, 0.250000,504, 172989.144000,2390,,,,,,
e03.stp-A.red,813,2828, Guloso, gulosoRandomizado, 0.250000,505, 173471.176000,2390,,,,,,
e03.stp-A.red,813,2828, Guloso, gulosoRandomizado, 0.250000,506, 173865.068000,2390,,,,,,
e03.stp-A.red,813,2828, Guloso, gulosoRandomizado, 0.250000,507, 174154.061000,2390,,,,,,
e03.stp-A.red,813,2828, Guloso, gulosoRandomizado, 0.250000,508, 174468.950000,2390,,,,,,
e03.stp-A.red,813,2828, Guloso, gulosoRandomizado, 0.250000,509, 174796.638000,2390,,,,,,
e03.stp-A.red,813,2828, Guloso, gulosoRandomizado, 0.250000,510, 175074.925000,2390,,,,,,
e03.stp-A.red,813,2828, Guloso, gulosoRandomizado, 0.250000,511, 175313.824000,2390,,,,,,
e03.stp-A.red,813,2828, Guloso, gulosoRandomizado, 0.250000,512, 175630.376000,2390,,,,,,
e03.stp-A.red,813,2828, Guloso, gulosoRandomizado, 0.250000,513, 175938.034000,2390,,,,,,
e03.stp-A.red,813,2828, Guloso, gulosoRandomizado, 0.250000,514, 176208.927000,2390,,,,,,
e03.stp-A.red,813,2828, Guloso, gulosoRandomizado, 0.250000,515, 176510.246000,2390,,,,,,
e03.stp-A.red,813,2828, Guloso, gulosoRandomizado, 0.250000,516, 176834.633000,2390,,,,,,
e03.stp-A.red,813,2828, Guloso, gulosoRandomizado, 0.250000,517, 177184.429000,2390,,,,,,
e03.stp-A.red,813,2828, Guloso, gulosoRandomizado, 0.250000,518, 177439.729000,2390,,,,,,
e03.stp-A.red,813,2828, Guloso, gulosoRandomizado, 0.250000,519, 177697.026000,2390,,,,,,
e03.stp-A.red,813,2828, Guloso, gulosoRandomizado, 0.250000,520, 177994.196000,2390,,,,,,
e03.stp-A.red,813,2828, Guloso, gulosoRandomizado, 0.250000,521, 178308.952000,2390,,,,,,
e03.stp-A.red,813,2828, Guloso, gulosoRandomizado, 0.250000,522, 178670.509000,2390,,,,,,
e03.stp-A.red,813,2828, Guloso, gulosoRandomizado, 0.250000,523, 178980.208000,2390,,,,,,
e03.stp-A.red,813,2828, Guloso, gulosoRandomizado, 0.250000,524, 179235.556000,2390,,,,,,
e03.stp-A.red,813,2828, Guloso, gulosoRandomizado, 0.250000,525, 179545.625000,2390,,,,,,
e03.stp-A.red,813,2828, Guloso, gulosoRandomizado, 0.250000,526, 179898.128000,2390,,,,,,
e03.stp-A.red,813,2828, Guloso, gulosoRandomizado, 0.250000,527, 180217.946000,2390,,,,,,
e03.stp-A.red,813,2828, Guloso, gulosoRandomizado, 0.250000,528, 180490.789000,2390,,,,,,
e03.stp-A.red,813,2828, Guloso, gulosoRandomizado, 0.250000,529, 180737.722000,2390,,,,,,
e03.stp-A.red,813,2828, Guloso, gulosoRandomizado, 0.250000,530, 181079.096000,2390,,,,,,
e03.stp-A.red,813,2828, Guloso, gulosoRandomizado, 0.250000,531, 181412.249000,2390,,,,,,
e03.stp-A.red,813,2828, Guloso, gulosoRandomizado, 0.250000,532, 181746.682000,2390,,,,,,
e03.stp-A.red,813,2828, Guloso, gulosoRandomizado, 0.250000,533, 182107.209000,2390,,,,,,
e03.stp-A.red,813,2828, Guloso, gulosoRandomizado, 0.250000,534, 182442.395000,2390,,,,,,
e03.stp-A.red,813,2828, Guloso, gulosoRandomizado, 0.250000,535, 182739.127000,2390,,,,,,
e03.stp-A.red,813,2828, Guloso, gulosoRandomizado, 0.250000,536, 183017.009000,2390,,,,,,
e03.stp-A.red,813,2828, Guloso, gulosoRandomizado, 0.250000,537, 183279.913000,2390,,,,,,
e03.stp-A.red,813,2828, Guloso, gulosoRandomizado, 0.250000,538, 183593.161000,2390,,,,,,
e03.stp-A.red,813,2828, Guloso, gulosoRandomizado, 0.250000,539, 183893.946000,2390,,,,,,
e03.stp-A.red,813,2828, Guloso, gulosoRandomizado, 0.250000,540, 184267.689000,2390,,,,,,
e03.stp-A.red,813,2828, Guloso, gulosoRandomizado, 0.250000,541, 184582.226000,2390,,,,,,
e03.stp-A.red,813,2828, Guloso, gulosoRandomizado, 0.250000,542, 184882.292000,2390,,,,,,
e03.stp-A.red,813,2828, Guloso, gulosoRandomizado, 0.250000,543, 185217.516000,2390,,,,,,
e03.stp-A.red,813,2828, Guloso, gulosoRandomizado, 0.250000,544, 185515.165000,2390,,,,,,
e03.stp-A.red,813,2828, Guloso, gulosoRandomizado, 0.250000,545, 185791.712000,2390,,,,,,
e03.stp-A.red,813,2828, Guloso, gulosoRandomizado, 0.250000,546, 186057.973000,2390,,,,,,
e03.stp-A.red,813,2828, Guloso, gulosoRandomizado, 0.250000,547, 186329.302000,2390,,,,,,
e03.stp-A.red,813,2828, Guloso, gulosoRandomizado, 0.250000,548, 186585.921000,2390,,,,,,
e03.stp-A.red,813,2828, Guloso, gulosoRandomizado, 0.250000,549, 186891.830000,2390,,,,,,
e03.stp-A.red,813,2828, Guloso, gulosoRandomizado, 0.250000,550, 187258.838000,2390,,,,,,
e03.stp-A.red,813,2828, Guloso, gulosoRandomizado, 0.250000,551, 187577.934000,2390,,,,,,
e03.stp-A.red,813,2828, Guloso, gulosoRandomizado, 0.250000,552, 187876.634000,2390,,,,,,
e03.stp-A.red,813,2828, Guloso, gulosoRandomizado, 0.250000,553, 188202.676000,2390,,,,,,
e03.stp-A.red,813,2828, Guloso, gulosoRandomizado, 0.250000,554, 188492.863000,2390,,,,,,
e03.stp-A.red,813,2828, Guloso, gulosoRandomizado, 0.250000,555, 188879.955000,2390,,,,,,
e03.stp-A.red,813,2828, Guloso, gulosoRandomizado, 0.250000,556, 189211.835000,2390,,,,,,
e03.stp-A.red,813,2828, Guloso, gulosoRandomizado, 0.250000,557, 189705.932000,2390,,,,,,
e03.stp-A.red,813,2828, Guloso, gulosoRandomizado, 0.250000,558, 189971.530000,2390,,,,,,
e03.stp-A.red,813,2828, Guloso, gulosoRandomizado, 0.250000,559, 190292.792000,2390,,,,,,
e03.stp-A.red,813,2828, Guloso, gulosoRandomizado, 0.250000,560, 190600.859000,2390,,,,,,
e03.stp-A.red,813,2828, Guloso, gulosoRandomizado, 0.250000,561, 191033.129000,2390,,,,,,
e03.stp-A.red,813,2828, Guloso, gulosoRandomizado, 0.250000,562, 191385.676000,2390,,,,,,
e03.stp-A.red,813,2828, Guloso, gulosoRandomizado, 0.250000,563, 191661.742000,2390,,,,,,
e03.stp-A.red,813,2828, Guloso, gulosoRandomizado, 0.250000,564, 192003.076000,2390,,,,,,
e03.stp-A.red,813,2828, Guloso, gulosoRandomizado, 0.250000,565, 192385.834000,2390,,,,,,
e03.stp-A.red,813,2828, Guloso, gulosoRandomizado, 0.250000,566, 192775.176000,2390,,,,,,
e03.stp-A.red,813,2828, Guloso, gulosoRandomizado, 0.250000,567, 193151.011000,2390,,,,,,
e03.stp-A.red,813,2828, Guloso, gulosoRandomizado, 0.250000,568, 193511.368000,2390,,,,,,
e03.stp-A.red,813,2828, Guloso, gulosoRandomizado, 0.250000,569, 193980.553000,2390,,,,,,
e03.stp-A.red,813,2828, Guloso, gulosoRandomizado, 0.250000,570, 194336.706000,2390,,,,,,
e03.stp-A.red,813,2828, Guloso, gulosoRandomizado, 0.250000,571, 194757.338000,2390,,,,,,
e03.stp-A.red,813,2828, Guloso, gulosoRandomizado, 0.250000,572, 195196.917000,2390,,,,,,
e03.stp-A.red,813,2828, Guloso, gulosoRandomizado, 0.250000,573, 195517.424000,2390,,,,,,
e03.stp-A.red,813,2828, Guloso, gulosoRandomizado, 0.250000,574, 195837.580000,2390,,,,,,
e03.stp-A.red,813,2828, Guloso, gulosoRandomizado, 0.250000,575, 196171.899000,2390,,,,,,
e03.stp-A.red,813,2828, Guloso, gulosoRandomizado, 0.250000,576, 196423.529000,2390,,,,,,
e03.stp-A.red,813,2828, Guloso, gulosoRandomizado, 0.250000,577, 196719.586000,2390,,,,,,
e03.stp-A.red,813,2828, Guloso, gulosoRandomizado, 0.250000,578, 197000.823000,2390,,,,,,
e03.stp-A.red,813,2828, Guloso, gulosoRandomizado, 0.250000,579, 197257.784000,2390,,,,,,
e03.stp-A.red,813,2828, Guloso, gulosoRandomizado, 0.250000,580, 197518.850000,2390,,,,,,
e03.stp-A.red,813,2828, Guloso, gulosoRandomizado, 0.250000,581, 197831.432000,2390,,,,,,
e03.stp-A.red,813,2828, Guloso, gulosoRandomizado, 0.250000,582, 198128.788000,2390,,,,,,
e03.stp-A.red,813,2828, Guloso, gulosoRandomizado, 0.250000,583, 198464.623000,2390,,,,,,
e03.stp-A.red,813,2828, Guloso, gulosoRandomizado, 0.250000,584, 198764.722000,2390,,,,,,
e03.stp-A.red,813,2828, Guloso, gulosoRandomizado, 0.250000,585, 199032.407000,2390,,,,,,
e03.stp-A.red,813,2828, Guloso, gulosoRandomizado, 0.250000,586, 199346.668000,2390,,,,,,
e03.stp-A.red,813,2828, Guloso, gulosoRandomizado, 0.250000,587, 199625.892000,2390,,,,,,
e03.stp-A.red,813,2828, Guloso, gulosoRandomizado, 0.250000,588, 200125.765000,2390,,,,,,
e03.stp-A.red,813,2828, Guloso, gulosoRandomizado, 0.250000,589, 200593.274000,2390,,,,,,
e03.stp-A.red,813,2828, Guloso, gulosoRandomizado, 0.250000,590, 200926.099000,2390,,,,,,
e03.stp-A.red,813,2828, Guloso, gulosoRandomizado, 0.250000,591, 201332.404000,2390,,,,,,
e03.stp-A.red,813,2828, Guloso, gulosoRandomizado, 0.250000,592, 201793.221000,2390,,,,,,
e03.stp-A.red,813,2828, Guloso, gulosoRandomizado, 0.250000,593, 202233.212000,2390,,,,,,
e03.stp-A.red,813,2828, Guloso, gulosoRandomizado, 0.250000,594, 202644.952000,2390,,,,,,
e03.stp-A.red,813,2828, Guloso, gulosoRandomizado, 0.250000,595, 202986.855000,2390,,,,,,
e03.stp-A.red,813,2828, Guloso, gulosoRandomizado, 0.250000,596, 203420.063000,2390,,,,,,
e03.stp-A.red,813,2828, Guloso, gulosoRandomizado, 0.250000,597, 203753.080000,2390,,,,,,
e03.stp-A.red,813,2828, Guloso, gulosoRandomizado, 0.250000,598, 204255.822000,2390,,,,,,
e03.stp-A.red,813,2828, Guloso, gulosoRandomizado, 0.250000,599, 204629.125000,2390,,,,,,
e03.stp-A.red,813,2828, Guloso, gulosoRandomizado, 0.250000,600, 204927.476000,2390,,,,,,
e03.stp-A.red,813,2828, Guloso, gulosoRandomizado, 0.250000,601, 205198.916000,2390,,,,,,
e03.stp-A.red,813,2828, Guloso, gulosoRandomizado, 0.250000,602, 205466.471000,2390,,,,,,
e03.stp-A.red,813,2828, Guloso, gulosoRandomizado, 0.250000,603, 205738.633000,2390,,,,,,
e03.stp-A.red,813,2828, Guloso, gulosoRandomizado, 0.250000,604, 206023.373000,2390,,,,,,
e03.stp-A.red,813,2828, Guloso, gulosoRandomizado, 0.250000,605, 206362.753000,2390,,,,,,
e03.stp-A.red,813,2828, Guloso, gulosoRandomizado, 0.250000,606, 206660.720000,2390,,,,,,
e03.stp-A.red,813,2828, Guloso, gulosoRandomizado, 0.250000,607, 207009.908000,2390,,,,,,
e03.stp-A.red,813,2828, Guloso, gulosoRandomizado, 0.250000,608, 207271.832000,2390,,,,,,
e03.stp-A.red,813,2828, Guloso, gulosoRandomizado, 0.250000,609, 207587.805000,2390,,,,,,
e03.stp-A.red,813,2828, Guloso, gulosoRandomizado, 0.250000,610, 207910.438000,2390,,,,,,
e03.stp-A.red,813,2828, Guloso, gulosoRandomizado, 0.250000,611, 208153.730000,2390,,,,,,
e03.stp-A.red,813,2828, Guloso, gulosoRandomizado, 0.250000,612, 208457.340000,2390,,,,,,
e03.stp-A.red,813,2828, Guloso, gulosoRandomizado, 0.250000,613, 208759.686000,2390,,,,,,
e03.stp-A.red,813,2828, Guloso, gulosoRandomizado, 0.250000,614, 209085.100000,2390,,,,,,
e03.stp-A.red,813,2828, Guloso, gulosoRandomizado, 0.250000,615, 209379.062000,2390,,,,,,
e03.stp-A.red,813,2828, Guloso, gulosoRandomizado, 0.250000,616, 209642.832000,2390,,,,,,
e03.stp-A.red,813,2828, Guloso, gulosoRandomizado, 0.250000,617, 209907.125000,2390,,,,,,
e03.stp-A.red,813,2828, Guloso, gulosoRandomizado, 0.250000,618, 210170.035000,2390,,,,,,
e03.stp-A.red,813,2828, Guloso, gulosoRandomizado, 0.250000,619, 210479.882000,2390,,,,,,
e03.stp-A.red,813,2828, Guloso, gulosoRandomizado, 0.250000,620, 210791.915000,2390,,,,,,
e03.stp-A.red,813,2828, Guloso, gulosoRandomizado, 0.250000,621, 211113.732000,2390,,,,,,
e03.stp-A.red,813,2828, Guloso, gulosoRandomizado, 0.250000,622, 211473.940000,2390,,,,,,
e03.stp-A.red,813,2828, Guloso, gulosoRandomizado, 0.250000,623, 211778.305000,2390,,,,,,
e03.stp-A.red,813,2828, Guloso, gulosoRandomizado, 0.250000,624, 212084.453000,2390,,,,,,
e03.stp-A.red,813,2828, Guloso, gulosoRandomizado, 0.250000,625, 212379.646000,2390,,,,,,
e03.stp-A.red,813,2828, Guloso, gulosoRandomizado, 0.250000,626, 212677.815000,2390,,,,,,
e03.stp-A.red,813,2828, Guloso, gulosoRandomizado, 0.250000,627, 212980.613000,2390,,,,,,
e03.stp-A.red,813,2828, Guloso, gulosoRandomizado, 0.250000,628, 213293.948000,2390,,,,,,
e03.stp-A.red,813,2828, Guloso, gulosoRandomizado, 0.250000,629, 213576.527000,2390,,,,,,
e03.stp-A.red,813,2828, Guloso, gulosoRandomizado, 0.250000,630, 213835.504000,2390,,,,,,
e03.stp-A.red,813,2828, Guloso, gulosoRandomizado, 0.250000,631, 214105.347000,2390,,,,,,
e03.stp-A.red,813,2828, Guloso, gulosoRandomizado, 0.250000,632, 214450.460000,2390,,,,,,
e03.stp-A.red,813,2828, Guloso, gulosoRandomizado, 0.250000,633, 214739.239000,2390,,,,,,
e03.stp-A.red,813,2828, Guloso, gulosoRandomizado, 0.250000,634, 214998.423000,2390,,,,,,
e03.stp-A.red,813,2828, Guloso, gulosoRandomizado, 0.250000,635, 215286.368000,2390,,,,,,
e03.stp-A.red,813,2828, Guloso, gulosoRandomizado, 0.250000,636, 215560.509000,2390,,,,,,
e03.stp-A.red,813,2828, Guloso, gulosoRandomizado, 0.250000,637, 215859.430000,2390,,,,,,
e03.stp-A.red,813,2828, Guloso, gulosoRandomizado, 0.250000,638, 216221.333000,2390,,,,,,
e03.stp-A.red,813,2828, Guloso, gulosoRandomizado, 0.250000,639, 216529.401000,2390,,,,,,
e03.stp-A.red,813,2828, Guloso, gulosoRandomizado, 0.250000,640, 216917.992000,2390,,,,,,
e03.stp-A.red,813,2828, Guloso, gulosoRandomizado, 0.250000,641, 217173.342000,2390,,,,,,
e03.stp-A.red,813,2828, Guloso, gulosoRandomizado, 0.250000,642, 217488.838000,2390,,,,,,
e03.stp-A.red,813,2828, Guloso, gulosoRandomizado, 0.250000,643, 217771.326000,2390,,,,,,
e03.stp-A.red,813,2828, Guloso, gulosoRandomizado, 0.250000,644, 218116.508000,2390,,,,,,
e03.stp-A.red,813,2828, Guloso, gulosoRandomizado, 0.250000,645, 218435.280000,2390,,,,,,
e03.stp-A.red,813,2828, Guloso, gulosoRandomizado, 0.250000,646, 218898.703000,2390,,,,,,
e03.stp-A.red,813,2828, Guloso, gulosoRandomizado, 0.250000,647, 219254.621000,2390,,,,,,
e03.stp-A.red,813,2828, Guloso, gulosoRandomizado, 0.250000,648, 219552.854000,2390,,,,,,
e03.stp-A.red,813,2828, Guloso, gulosoRandomizado, 0.250000,649, 219901.793000,2390,,,,,,
e03.stp-A.red,813,2828, Guloso, gulosoRandomizado, 0.250000,650, 220185.048000,2390,,,,,,
e03.stp-A.red,813,2828, Guloso, gulosoRandomizado, 0.250000,651, 220599.758000,2390,,,,,,
e03.stp-A.red,813,2828, Guloso, gulosoRandomizado, 0.250000,652, 220928.705000,2390,,,,,,
e03.stp-A.red,813,2828, Guloso, gulosoRandomizado, 0.250000,653, 221260.371000,2390,,,,,,
e03.stp-A.red,813,2828, Guloso, gulosoRandomizado, 0.250000,654, 221620.406000,2390,,,,,,
e03.stp-A.red,813,2828, Guloso, gulosoRandomizado, 0.250000,655, 221953.607000,2390,,,,,,
e03.stp-A.red,813,2828, Guloso, gulosoRandomizado, 0.250000,656, 222273.969000,2390,,,,,,
e03.stp-A.red,813,2828, Guloso, gulosoRandomizado, 0.250000,657, 222623.097000,2390,,,,,,
e03.stp-A.red,813,2828, Guloso, gulosoRandomizado, 0.250000,658, 223003.585000,2390,,,,,,
e03.stp-A.red,813,2828, Guloso, gulosoRandomizado, 0.250000,659, 223410.133000,2390,,,,,,
e03.stp-A.red,813,2828, Guloso, gulosoRandomizado, 0.250000,660, 223915.993000,2390,,,,,,
e03.stp-A.red,813,2828, Guloso, gulosoRandomizado, 0.250000,661, 224414.055000,2390,,,,,,
e03.stp-A.red,813,2828, Guloso, gulosoRandomizado, 0.250000,662, 224869.015000,2390,,,,,,
e03.stp-A.red,813,2828, Guloso, gulosoRandomizado, 0.250000,663, 225255.798000,2390,,,,,,
e03.stp-A.red,813,2828, Guloso, gulosoRandomizado, 0.250000,664, 225780.078000,2390,,,,,,
e03.stp-A.red,813,2828, Guloso, gulosoRandomizado, 0.250000,665, 226178.807000,2390,,,,,,
e03.stp-A.red,813,2828, Guloso, gulosoRandomizado, 0.250000,666, 226600.937000,2390,,,,,,
e03.stp-A.red,813,2828, Guloso, gulosoRandomizado, 0.250000,667, 226959.015000,2390,,,,,,
e03.stp-A.red,813,2828, Guloso, gulosoRandomizado, 0.250000,668, 227455.715000,2390,,,,,,
e03.stp-A.red,813,2828, Guloso, gulosoRandomizado, 0.250000,669, 227847.482000,2390,,,,,,
e03.stp-A.red,813,2828, Guloso, gulosoRandomizado, 0.250000,670, 228198.955000,2390,,,,,,
e03.stp-A.red,813,2828, Guloso, gulosoRandomizado, 0.250000,671, 228740.520000,2390,,,,,,
e03.stp-A.red,813,2828, Guloso, gulosoRandomizado, 0.250000,672, 229121.329000,2390,,,,,,
e03.stp-A.red,813,2828, Guloso, gulosoRandomizado, 0.250000,673, 229646.515000,2390,,,,,,
e03.stp-A.red,813,2828, Guloso, gulosoRandomizado, 0.250000,674, 230084.750000,2390,,,,,,
e03.stp-A.red,813,2828, Guloso, gulosoRandomizado, 0.250000,675, 230450.606000,2390,,,,,,
e03.stp-A.red,813,2828, Guloso, gulosoRandomizado, 0.250000,676, 230899.819000,2390,,,,,,
e03.stp-A.red,813,2828, Guloso, gulosoRandomizado, 0.250000,677, 231275.148000,2390,,,,,,
e03.stp-A.red,813,2828, Guloso, gulosoRandomizado, 0.250000,678, 231645.019000,2390,,,,,,
e03.stp-A.red,813,2828, Guloso, gulosoRandomizado, 0.250000,679, 232068.545000,2390,,,,,,
e03.stp-A.red,813,2828, Guloso, gulosoRandomizado, 0.250000,680, 232407.100000,2390,,,,,,
e03.stp-A.red,813,2828, Guloso, gulosoRandomizado, 0.250000,681, 232814.892000,2390,,,,,,
e03.stp-A.red,813,2828, Guloso, gulosoRandomizado, 0.250000,682, 233225.170000,2390,,,,,,
e03.stp-A.red,813,2828, Guloso, gulosoRandomizado, 0.250000,683, 233592.111000,2390,,,,,,
e03.stp-A.red,813,2828, Guloso, gulosoRandomizado, 0.250000,684, 233902.173000,2390,,,,,,
e03.stp-A.red,813,2828, Guloso, gulosoRandomizado, 0.250000,685, 234211.047000,2390,,,,,,
e03.stp-A.red,813,2828, Guloso, gulosoRandomizado, 0.250000,686, 234563.485000,2390,,,,,,
e03.stp-A.red,813,2828, Guloso, gulosoRandomizado, 0.250000,687, 235001.878000,2390,,,,,,
e03.stp-A.red,813,2828, Guloso, gulosoRandomizado, 0.250000,688, 235505.280000,2390,,,,,,
e03.stp-A.red,813,2828, Guloso, gulosoRandomizado, 0.250000,689, 235813.277000,2390,,,,,,
e03.stp-A.red,813,2828, Guloso, gulosoRandomizado, 0.250000,690, 236241.906000,2390,,,,,,
e03.stp-A.red,813,2828, Guloso, gulosoRandomizado, 0.250000,691, 236638.368000,2390,,,,,,
e03.stp-A.red,813,2828, Guloso, gulosoRandomizado, 0.250000,692, 237066.076000,2390,,,,,,
e03.stp-A.red,813,2828, Guloso, gulosoRandomizado, 0.250000,693, 237460.651000,2390,,,,,,
e03.stp-A.red,813,2828, Guloso, gulosoRandomizado, 0.250000,694, 237857.578000,2390,,,,,,
e03.stp-A.red,813,2828, Guloso, gulosoRandomizado, 0.250000,695, 238267.679000,2390,,,,,,
e03.stp-A.red,813,2828, Guloso, gulosoRandomizado, 0.250000,696, 238624.674000,2390,,,,,,
e03.stp-A.red,813,2828, Guloso, gulosoRandomizado, 0.250000,697, 239006.679000,2390,,,,,,
e03.stp-A.red,813,2828, Guloso, gulosoRandomizado, 0.250000,698, 239405.066000,2390,,,,,,
e03.stp-A.red,813,2828, Guloso, gulosoRandomizado, 0.250000,699, 239750.121000,2390,,,,,,
e03.stp-A.red,813,2828, Guloso, gulosoRandomizado, 0.250000,700, 240101.494000,2390,,,,,,
e03.stp-A.red,813,2828, Guloso, gulosoRandomizado, 0.250000,701, 240423.062000,2390,,,,,,
e03.stp-A.red,813,2828, Guloso, gulosoRandomizado, 0.250000,702, 240804.142000,2390,,,,,,
e03.stp-A.red,813,2828, Guloso, gulosoRandomizado, 0.250000,703, 241181.404000,2390,,,,,,
e03.stp-A.red,813,2828, Guloso, gulosoRandomizado, 0.250000,704, 241580.515000,2390,,,,,,
e03.stp-A.red,813,2828, Guloso, gulosoRandomizado, 0.250000,705, 242030.905000,2390,,,,,,
e03.stp-A.red,813,2828, Guloso, gulosoRandomizado, 0.250000,706, 242349.291000,2390,,,,,,
e03.stp-A.red,813,2828, Guloso, gulosoRandomizado, 0.250000,707, 242732.425000,2390,,,,,,
e03.stp-A.red,813,2828, Guloso, gulosoRandomizado, 0.250000,708, 243095.434000,2390,,,,,,
e03.stp-A.red,813,2828, Guloso, gulosoRandomizado, 0.250000,709, 243480.781000,2390,,,,,,
e03.stp-A.red,813,2828, Guloso, gulosoRandomizado, 0.250000,710, 243845.427000,2390,,,,,,
e03.stp-A.red,813,2828, Guloso, gulosoRandomizado, 0.250000,711, 244237.087000,2390,,,,,,
e03.stp-A.red,813,2828, Guloso, gulosoRandomizado, 0.250000,712, 244556.415000,2390,,,,,,
e03.stp-A.red,813,2828, Guloso, gulosoRandomizado, 0.250000,713, 244876.483000,2390,,,,,,
e03.stp-A.red,813,2828, Guloso, gulosoRandomizado, 0.250000,714, 245312.725000,2390,,,,,,
e03.stp-A.red,813,2828, Guloso, gulosoRandomizado, 0.250000,715, 245637.701000,2390,,,,,,
e03.stp-A.red,813,2828, Guloso, gulosoRandomizado, 0.250000,716, 246077.303000,2390,,,,,,
e03.stp-A.red,813,2828, Guloso, gulosoRandomizado, 0.250000,717, 246490.033000,2390,,,,,,
e03.stp-A.red,813,2828, Guloso, gulosoRandomizado, 0.250000,718, 246800.101000,2390,,,,,,
e03.stp-A.red,813,2828, Guloso, gulosoRandomizado, 0.250000,719, 247260.375000,2390,,,,,,
e03.stp-A.red,813,2828, Guloso, gulosoRandomizado, 0.250000,720, 247588.980000,2390,,,,,,
e03.stp-A.red,813,2828, Guloso, gulosoRandomizado, 0.250000,721, 247887.390000,2390,,,,,,
e03.stp-A.red,813,2828, Guloso, gulosoRandomizado, 0.250000,722, 248187.067000,2390,,,,,,
e03.stp-A.red,813,2828, Guloso, gulosoRandomizado, 0.250000,723, 248538.454000,2390,,,,,,
e03.stp-A.red,813,2828, Guloso, gulosoRandomizado, 0.250000,724, 248855.876000,2390,,,,,,
e03.stp-A.red,813,2828, Guloso, gulosoRandomizado, 0.250000,725, 249200.748000,2390,,,,,,
e03.stp-A.red,813,2828, Guloso, gulosoRandomizado, 0.250000,726, 249577.747000,2390,,,,,,
e03.stp-A.red,813,2828, Guloso, gulosoRandomizado, 0.250000,727, 249984.774000,2390,,,,,,
e03.stp-A.red,813,2828, Guloso, gulosoRandomizado, 0.250000,728, 250324.754000,2390,,,,,,
e03.stp-A.red,813,2828, Guloso, gulosoRandomizado, 0.250000,729, 250689.634000,2390,,,,,,
e03.stp-A.red,813,2828, Guloso, gulosoRandomizado, 0.250000,730, 251087.196000,2390,,,,,,
e03.stp-A.red,813,2828, Guloso, gulosoRandomizado, 0.250000,731, 251443.166000,2390,,,,,,
e03.stp-A.red,813,2828, Guloso, gulosoRandomizado, 0.250000,732, 251988.515000,2390,,,,,,
e03.stp-A.red,813,2828, Guloso, gulosoRandomizado, 0.250000,733, 252565.528000,2390,,,,,,
e03.stp-A.red,813,2828, Guloso, gulosoRandomizado, 0.250000,734, 252981.449000,2390,,,,,,
e03.stp-A.red,813,2828, Guloso, gulosoRandomizado, 0.250000,735, 253421.067000,2390,,,,,,
e03.stp-A.red,813,2828, Guloso, gulosoRandomizado, 0.250000,736, 254025.029000,2390,,,,,,
e03.stp-A.red,813,2828, Guloso, gulosoRandomizado, 0.250000,737, 254406.251000,2390,,,,,,
e03.stp-A.red,813,2828, Guloso, gulosoRandomizado, 0.250000,738, 254739.277000,2390,,,,,,
e03.stp-A.red,813,2828, Guloso, gulosoRandomizado, 0.250000,739, 255057.454000,2390,,,,,,
e03.stp-A.red,813,2828, Guloso, gulosoRandomizado, 0.250000,740, 255412.993000,2390,,,,,,
e03.stp-A.red,813,2828, Guloso, gulosoRandomizado, 0.250000,741, 255796.923000,2390,,,,,,
e03.stp-A.red,813,2828, Guloso, gulosoRandomizado, 0.250000,742, 256164.989000,2390,,,,,,
e03.stp-A.red,813,2828, Guloso, gulosoRandomizado, 0.250000,743, 256554.134000,2390,,,,,,
e03.stp-A.red,813,2828, Guloso, gulosoRandomizado, 0.250000,744, 256955.198000,2390,,,,,,
e03.stp-A.red,813,2828, Guloso, gulosoRandomizado, 0.250000,745, 257289.455000,2390,,,,,,
e03.stp-A.red,813,2828, Guloso, gulosoRandomizado, 0.250000,746, 257617.292000,2390,,,,,,
e03.stp-A.red,813,2828, Guloso, gulosoRandomizado, 0.250000,747, 257902.986000,2390,,,,,,
e03.stp-A.red,813,2828, Guloso, gulosoRandomizado, 0.250000,748, 258166.207000,2390,,,,,,
e03.stp-A.red,813,2828, Guloso, gulosoRandomizado, 0.250000,749, 258550.588000,2390,,,,,,
e03.stp-A.red,813,2828, Guloso, gulosoRandomizado, 0.250000,750, 258813.276000,2390,,,,,,
e03.stp-A.red,813,2828, Guloso, gulosoRandomizado, 0.250000,751, 259101.137000,2390,,,,,,
e03.stp-A.red,813,2828, Guloso, gulosoRandomizado, 0.250000,752, 259406.008000,2390,,,,,,
e03.stp-A.red,813,2828, Guloso, gulosoRandomizado, 0.250000,753, 259665.748000,2390,,,,,,
e03.stp-A.red,813,2828, Guloso, gulosoRandomizado, 0.250000,754, 259936.929000,2390,,,,,,
e03.stp-A.red,813,2828, Guloso, gulosoRandomizado, 0.250000,755, 260213.517000,2390,,,,,,
e03.stp-A.red,813,2828, Guloso, gulosoRandomizado, 0.250000,756, 260531.887000,2390,,,,,,
e03.stp-A.red,813,2828, Guloso, gulosoRandomizado, 0.250000,757, 260797.003000,2390,,,,,,
e03.stp-A.red,813,2828, Guloso, gulosoRandomizado, 0.250000,758, 261135.996000,2390,,,,,,
e03.stp-A.red,813,2828, Guloso, gulosoRandomizado, 0.250000,759, 261519.573000,2390,,,,,,
e03.stp-A.red,813,2828, Guloso, gulosoRandomizado, 0.250000,760, 261833.933000,2390,,,,,,
e03.stp-A.red,813,2828, Guloso, gulosoRandomizado, 0.250000,761, 262157.269000,2390,,,,,,
e03.stp-A.red,813,2828, Guloso, gulosoRandomizado, 0.250000,762, 262414.212000,2390,,,,,,
e03.stp-A.red,813,2828, Guloso, gulosoRandomizado, 0.250000,763, 262650.100000,2390,,,,,,
e03.stp-A.red,813,2828, Guloso, gulosoRandomizado, 0.250000,764, 262991.155000,2390,,,,,,
e03.stp-A.red,813,2828, Guloso, gulosoRandomizado, 0.250000,765, 263273.512000,2390,,,,,,
e03.stp-A.red,813,2828, Guloso, gulosoRandomizado, 0.250000,766, 263590.132000,2390,,,,,,
e03.stp-A.red,813,2828, Guloso, gulosoRandomizado, 0.250000,767, 263899.478000,2390,,,,,,
e03.stp-A.red,813,2828, Guloso, gulosoRandomizado, 0.250000,768, 264139.857000,2390,,,,,,
e03.stp-A.red,813,2828, Guloso, gulosoRandomizado, 0.250000,769, 264432.312000,2390,,,,,,
e03.stp-A.red,813,2828, Guloso, gulosoRandomizado, 0.250000,770, 264687.241000,2390,,,,,,
e03.stp-A.red,813,2828, Guloso, gulosoRandomizado, 0.250000,771, 265006.347000,2390,,,,,,
e03.stp-A.red,813,2828, Guloso, gulosoRandomizado, 0.250000,772, 265246.208000,2390,,,,,,
e03.stp-A.red,813,2828, Guloso, gulosoRandomizado, 0.250000,773, 265550.172000,2390,,,,,,
e03.stp-A.red,813,2828, Guloso, gulosoRandomizado, 0.250000,774, 265930.159000,2390,,,,,,
e03.stp-A.red,813,2828, Guloso, gulosoRandomizado, 0.250000,775, 266279.348000,2390,,,,,,
e03.stp-A.red,813,2828, Guloso, gulosoRandomizado, 0.250000,776, 266625.911000,2390,,,,,,
e03.stp-A.red,813,2828, Guloso, gulosoRandomizado, 0.250000,777, 267071.669000,2390,,,,,,
e03.stp-A.red,813,2828, Guloso, gulosoRandomizado, 0.250000,778, 267609.840000,2390,,,,,,
e03.stp-A.red,813,2828, Guloso, gulosoRandomizado, 0.250000,779, 268014.873000,2390,,,,,,
e03.stp-A.red,813,2828, Guloso, gulosoRandomizado, 0.250000,780, 268420.419000,2390,,,,,,
e03.stp-A.red,813,2828, Guloso, gulosoRandomizado, 0.250000,781, 268764.969000,2390,,,,,,
e03.stp-A.red,813,2828, Guloso, gulosoRandomizado, 0.250000,782, 269207.755000,2390,,,,,,
e03.stp-A.red,813,2828, Guloso, gulosoRandomizado, 0.250000,783, 269586.265000,2390,,,,,,
e03.stp-A.red,813,2828, Guloso, gulosoRandomizado, 0.250000,784, 270003.995000,2390,,,,,,
e03.stp-A.red,813,2828, Guloso, gulosoRandomizado, 0.250000,785, 270440.917000,2390,,,,,,
e03.stp-A.red,813,2828, Guloso, gulosoRandomizado, 0.250000,786, 270839.716000,2390,,,,,,
e03.stp-A.red,813,2828, Guloso, gulosoRandomizado, 0.250000,787, 271250.251000,2390,,,,,,
e03.stp-A.red,813,2828, Guloso, gulosoRandomizado, 0.250000,788, 271649.026000,2390,,,,,,
e03.stp-A.red,813,2828, Guloso, gulosoRandomizado, 0.250000,789, 272010.869000,2390,,,,,,
e03.stp-A.red,813,2828, Guloso, gulosoRandomizado, 0.250000,790, 272385.440000,2390,,,,,,
e03.stp-A.red,813,2828, Guloso, gulosoRandomizado, 0.250000,791, 272829.708000,2390,,,,,,
e03.stp-A.red,813,2828, Guloso, gulosoRandomizado, 0.250000,792, 273174.405000,2390,,,,,,
e03.stp-A.red,813,2828, Guloso, gulosoRandomizado, 0.250000,793, 273552.419000,2390,,,,,,
e03.stp-A.red,813,2828, Guloso, gulosoRandomizado, 0.250000,794, 274054.230000,2390,,,,,,
e03.stp-A.red,813,2828, Guloso, gulosoRandomizado, 0.250000,795, 274581.735000,2390,,,,,,
e03.stp-A.red,813,2828, Guloso, gulosoRandomizado, 0.250000,796, 274964.416000,2390,,,,,,
e03.stp-A.red,813,2828, Guloso, gulosoRandomizado, 0.250000,797, 275343.442000,2390,,,,,,
e03.stp-A.red,813,2828, Guloso, gulosoRandomizado, 0.250000,798, 275748.977000,2390,,,,,,
e03.stp-A.red,813,2828, Guloso, gulosoRandomizado, 0.250000,799, 276063.256000,2390,,,,,,
e03.stp-A.red,813,2828, Guloso, gulosoRandomizado, 0.250000,800, 276372.267000,2390,,,,,,
e03.stp-A.red,813,2828, Guloso, gulosoRandomizado, 0.250000,801, 276743.756000,2390,,,,,,
e03.stp-A.red,813,2828, Guloso, gulosoRandomizado, 0.250000,802, 277060.749000,2390,,,,,,
e03.stp-A.red,813,2828, Guloso, gulosoRandomizado, 0.250000,803, 277453.264000,2390,,,,,,
e03.stp-A.red,813,2828, Guloso, gulosoRandomizado, 0.250000,804, 277811.108000,2390,,,,,,
e03.stp-A.red,813,2828, Guloso, gulosoRandomizado, 0.250000,805, 278124.588000,2390,,,,,,
e03.stp-A.red,813,2828, Guloso, gulosoRandomizado, 0.250000,806, 278452.560000,2390,,,,,,
e03.stp-A.red,813,2828, Guloso, gulosoRandomizado, 0.250000,807, 278825.754000,2390,,,,,,
e03.stp-A.red,813,2828, Guloso, gulosoRandomizado, 0.250000,808, 279225.681000,2390,,,,,,
e03.stp-A.red,813,2828, Guloso, gulosoRandomizado, 0.250000,809, 279555.550000,2390,,,,,,
e03.stp-A.red,813,2828, Guloso, gulosoRandomizado, 0.250000,810, 279873.041000,2390,,,,,,
e03.stp-A.red,813,2828, Guloso, gulosoRandomizado, 0.250000,811, 280229.749000,2390,,,,,,
e03.stp-A.red,813,2828, Guloso, gulosoRandomizado, 0.250000,812, 280613.098000,2390,,,,,,
e03.stp-A.red,813,2828, Guloso, gulosoRandomizado, 0.250000,813, 281002.307000,2390,,,,,,
e03.stp-A.red,813,2828, Guloso, gulosoRandomizado, 0.250000,814, 281297.608000,2390,,,,,,
e03.stp-A.red,813,2828, Guloso, gulosoRandomizado, 0.250000,815, 281637.370000,2390,,,,,,
e03.stp-A.red,813,2828, Guloso, gulosoRandomizado, 0.250000,816, 282002.238000,2390,,,,,,
e03.stp-A.red,813,2828, Guloso, gulosoRandomizado, 0.250000,817, 282428.664000,2390,,,,,,
e03.stp-A.red,813,2828, Guloso, gulosoRandomizado, 0.250000,818, 282873.545000,2390,,,,,,
e03.stp-A.red,813,2828, Guloso, gulosoRandomizado, 0.250000,819, 283235.122000,2390,,,,,,
e03.stp-A.red,813,2828, Guloso, gulosoRandomizado, 0.250000,820, 283625.155000,2390,,,,,,
e03.stp-A.red,813,2828, Guloso, gulosoRandomizado, 0.250000,821, 283904.753000,2390,,,,,,
e03.stp-A.red,813,2828, Guloso, gulosoRandomizado, 0.250000,822, 284209.994000,2390,,,,,,
e03.stp-A.red,813,2828, Guloso, gulosoRandomizado, 0.250000,823, 284544.211000,2390,,,,,,
e03.stp-A.red,813,2828, Guloso, gulosoRandomizado, 0.250000,824, 284984.120000,2390,,,,,,
e03.stp-A.red,813,2828, Guloso, gulosoRandomizado, 0.250000,825, 285536.888000,2390,,,,,,
e03.stp-A.red,813,2828, Guloso, gulosoRandomizado, 0.250000,826, 285973.294000,2390,,,,,,
e03.stp-A.red,813,2828, Guloso, gulosoRandomizado, 0.250000,827, 286453.474000,2390,,,,,,
e03.stp-A.red,813,2828, Guloso, gulosoRandomizado, 0.250000,828, 286802.589000,2390,,,,,,
e03.stp-A.red,813,2828, Guloso, gulosoRandomizado, 0.250000,829, 287200.802000,2390,,,,,,
e03.stp-A.red,813,2828, Guloso, gulosoRandomizado, 0.250000,830, 287583.594000,2390,,,,,,
e03.stp-A.red,813,2828, Guloso, gulosoRandomizado, 0.250000,831, 287974.103000,2390,,,,,,
e03.stp-A.red,813,2828, Guloso, gulosoRandomizado, 0.250000,832, 288283.275000,2390,,,,,,
e03.stp-A.red,813,2828, Guloso, gulosoRandomizado, 0.250000,833, 288680.851000,2390,,,,,,
e03.stp-A.red,813,2828, Guloso, gulosoRandomizado, 0.250000,834, 289054.567000,2390,,,,,,
e03.stp-A.red,813,2828, Guloso, gulosoRandomizado, 0.250000,835, 289398.732000,2390,,,,,,
e03.stp-A.red,813,2828, Guloso, gulosoRandomizado, 0.250000,836, 289745.507000,2390,,,,,,
e03.stp-A.red,813,2828, Guloso, gulosoRandomizado, 0.250000,837, 290067.306000,2390,,,,,,
e03.stp-A.red,813,2828, Guloso, gulosoRandomizado, 0.250000,838, 290428.790000,2390,,,,,,
e03.stp-A.red,813,2828, Guloso, gulosoRandomizado, 0.250000,839, 290813.835000,2390,,,,,,
e03.stp-A.red,813,2828, Guloso, gulosoRandomizado, 0.250000,840, 291129.210000,2390,,,,,,
e03.stp-A.red,813,2828, Guloso, gulosoRandomizado, 0.250000,841, 291499.440000,2390,,,,,,
e03.stp-A.red,813,2828, Guloso, gulosoRandomizado, 0.250000,842, 291817.886000,2390,,,,,,
e03.stp-A.red,813,2828, Guloso, gulosoRandomizado, 0.250000,843, 292122.117000,2390,,,,,,
e03.stp-A.red,813,2828, Guloso, gulosoRandomizado, 0.250000,844, 292375.747000,2390,,,,,,
e03.stp-A.red,813,2828, Guloso, gulosoRandomizado, 0.250000,845, 292717.729000,2390,,,,,,
e03.stp-A.red,813,2828, Guloso, gulosoRandomizado, 0.250000,846, 292968.913000,2390,,,,,,
e03.stp-A.red,813,2828, Guloso, gulosoRandomizado, 0.250000,847, 293267.549000,2390,,,,,,
e03.stp-A.red,813,2828, Guloso, gulosoRandomizado, 0.250000,848, 293515.239000,2390,,,,,,
e03.stp-A.red,813,2828, Guloso, gulosoRandomizado, 0.250000,849, 293775.674000,2390,,,,,,
e03.stp-A.red,813,2828, Guloso, gulosoRandomizado, 0.250000,850, 294023.394000,2390,,,,,,
e03.stp-A.red,813,2828, Guloso, gulosoRandomizado, 0.250000,851, 294358.651000,2390,,,,,,
e03.stp-A.red,813,2828, Guloso, gulosoRandomizado, 0.250000,852, 294667.693000,2390,,,,,,
e03.stp-A.red,813,2828, Guloso, gulosoRandomizado, 0.250000,853, 294936.712000,2390,,,,,,
e03.stp-A.red,813,2828, Guloso, gulosoRandomizado, 0.250000,854, 295251.351000,2390,,,,,,
e03.stp-A.red,813,2828, Guloso, gulosoRandomizado, 0.250000,855, 295611.657000,2390,,,,,,
e03.stp-A.red,813,2828, Guloso, gulosoRandomizado, 0.250000,856, 295920.029000,2390,,,,,,
e03.stp-A.red,813,2828, Guloso, gulosoRandomizado, 0.250000,857, 296187.810000,2390,,,,,,
e03.stp-A.red,813,2828, Guloso, gulosoRandomizado, 0.250000,858, 296494.634000,2390,,,,,,
e03.stp-A.red,813,2828, Guloso, gulosoRandomizado, 0.250000,859, 296786.156000,2390,,,,,,
e03.stp-A.red,813,2828, Guloso, gulosoRandomizado, 0.250000,860, 297048.572000,2390,,,,,,
e03.stp-A.red,813,2828, Guloso, gulosoRandomizado, 0.250000,861, 297319.929000,2390,,,,,,
e03.stp-A.red,813,2828, Guloso, gulosoRandomizado, 0.250000,862, 297616.957000,2390,,,,,,
e03.stp-A.red,813,2828, Guloso, gulosoRandomizado, 0.250000,863, 297871.427000,2390,,,,,,
e03.stp-A.red,813,2828, Guloso, gulosoRandomizado, 0.250000,864, 298235.862000,2390,,,,,,
e03.stp-A.red,813,2828, Guloso, gulosoRandomizado, 0.250000,865, 298595.669000,2390,,,,,,
e03.stp-A.red,813,2828, Guloso, gulosoRandomizado, 0.250000,866, 298952.437000,2390,,,,,,
e03.stp-A.red,813,2828, Guloso, gulosoRandomizado, 0.250000,867, 299232.255000,2390,,,,,,
e03.stp-A.red,813,2828, Guloso, gulosoRandomizado, 0.250000,868, 299508.731000,2390,,,,,,
e03.stp-A.red,813,2828, Guloso, gulosoRandomizado, 0.250000,869, 299751.991000,2390,,,,,,
e03.stp-A.red,813,2828, Guloso, gulosoRandomizado, 0.250000,870, 300043.929000,2390,,,,,,
